adaptive,base,impostor_rate,len_attacks,method,model_size,normalize,rate_external_impostor,sampling,Bacc_mean,Bacc_std,FMR_mean,FMR_std,FNMR_mean,FNMR_std
False,CMU,0.3,,Mahalanobis,40,False,0.0,Random,0.5,0.0,1.0,0.0,0.0,0.0
False,CMU,0.3,,Mahalanobis,40,False,0.0,GenFirst,0.5,0.0,1.0,0.0,0.0,0.0
False,CMU,0.3,,Mahalanobis,40,False,0.0,ImpFirst,0.5,0.0,1.0,0.0,0.0,0.0
False,CMU,0.3,,Mahalanobis,40,False,0.5,Random,0.5,0.0,1.0,0.0,0.0,0.0
False,CMU,0.3,,Mahalanobis,40,False,0.5,GenFirst,0.5,0.0,1.0,0.0,0.0,0.0
False,CMU,0.3,,Mahalanobis,40,False,0.5,ImpFirst,0.5,0.0,1.0,0.0,0.0,0.0
False,CMU,0.3,,Mahalanobis,40,False,1.0,Random,0.5,0.0,1.0,0.0,0.0,0.0
False,CMU,0.3,,Mahalanobis,40,False,1.0,GenFirst,0.5,0.0,1.0,0.0,0.0,0.0
False,CMU,0.3,,Mahalanobis,40,False,1.0,ImpFirst,0.5,0.0,1.0,0.0,0.0,0.0
False,CMU,0.3,,Mahalanobis,40,True,0.0,Random,0.5,0.0,1.0,0.0,0.0,0.0
False,CMU,0.3,,Mahalanobis,40,True,0.0,GenFirst,0.5,0.0,1.0,0.0,0.0,0.0
False,CMU,0.3,,Mahalanobis,40,True,0.0,ImpFirst,0.5,0.0,1.0,0.0,0.0,0.0
False,CMU,0.3,,Mahalanobis,40,True,0.5,Random,0.5,0.0,1.0,0.0,0.0,0.0
False,CMU,0.3,,Mahalanobis,40,True,0.5,GenFirst,0.5,0.0,1.0,0.0,0.0,0.0
False,CMU,0.3,,Mahalanobis,40,True,0.5,ImpFirst,0.5,0.0,1.0,0.0,0.0,0.0
False,CMU,0.3,,Mahalanobis,40,True,1.0,Random,0.5,0.0,1.0,0.0,0.0,0.0
False,CMU,0.3,,Mahalanobis,40,True,1.0,GenFirst,0.5,0.0,1.0,0.0,0.0,0.0
False,CMU,0.3,,Mahalanobis,40,True,1.0,ImpFirst,0.5,0.0,1.0,0.0,0.0,0.0
False,CMU,0.5,,Mahalanobis,40,False,0.0,Random,0.5,0.0,1.0,0.0,0.0,0.0
False,CMU,0.5,,Mahalanobis,40,False,0.0,GenFirst,0.5,0.0,1.0,0.0,0.0,0.0
False,CMU,0.5,,Mahalanobis,40,False,0.0,ImpFirst,0.5,0.0,1.0,0.0,0.0,0.0
False,CMU,0.5,,Mahalanobis,40,False,0.5,Random,0.5,0.0,1.0,0.0,0.0,0.0
False,CMU,0.5,,Mahalanobis,40,False,0.5,GenFirst,0.5,0.0,1.0,0.0,0.0,0.0
False,CMU,0.5,,Mahalanobis,40,False,0.5,ImpFirst,0.5,0.0,1.0,0.0,0.0,0.0
False,CMU,0.5,,Mahalanobis,40,False,1.0,Random,0.5,0.0,1.0,0.0,0.0,0.0
False,CMU,0.5,,Mahalanobis,40,False,1.0,GenFirst,0.5,0.0,1.0,0.0,0.0,0.0
False,CMU,0.5,,Mahalanobis,40,False,1.0,ImpFirst,0.5,0.0,1.0,0.0,0.0,0.0
False,CMU,0.5,,Mahalanobis,40,True,0.0,Random,0.5,0.0,1.0,0.0,0.0,0.0
False,CMU,0.5,,Mahalanobis,40,True,0.0,GenFirst,0.5,0.0,1.0,0.0,0.0,0.0
False,CMU,0.5,,Mahalanobis,40,True,0.0,ImpFirst,0.5,0.0,1.0,0.0,0.0,0.0
False,CMU,0.5,,Mahalanobis,40,True,0.5,Random,0.5,0.0,1.0,0.0,0.0,0.0
False,CMU,0.5,,Mahalanobis,40,True,0.5,GenFirst,0.5,0.0,1.0,0.0,0.0,0.0
False,CMU,0.5,,Mahalanobis,40,True,0.5,ImpFirst,0.5,0.0,1.0,0.0,0.0,0.0
False,CMU,0.5,,Mahalanobis,40,True,1.0,Random,0.5,0.0,1.0,0.0,0.0,0.0
False,CMU,0.5,,Mahalanobis,40,True,1.0,GenFirst,0.5,0.0,1.0,0.0,0.0,0.0
False,CMU,0.5,,Mahalanobis,40,True,1.0,ImpFirst,0.5,0.0,1.0,0.0,0.0,0.0
False,CMU,0.7,,Mahalanobis,40,False,0.0,Random,0.5,0.0,1.0,0.0,0.0,0.0
False,CMU,0.7,,Mahalanobis,40,False,0.0,GenFirst,0.5,0.0,1.0,0.0,0.0,0.0
False,CMU,0.7,,Mahalanobis,40,False,0.0,ImpFirst,0.5,0.0,1.0,0.0,0.0,0.0
False,CMU,0.7,,Mahalanobis,40,False,0.5,Random,0.5,0.0,1.0,0.0,0.0,0.0
False,CMU,0.7,,Mahalanobis,40,False,0.5,GenFirst,0.5,0.0,1.0,0.0,0.0,0.0
False,CMU,0.7,,Mahalanobis,40,False,0.5,ImpFirst,0.5,0.0,1.0,0.0,0.0,0.0
False,CMU,0.7,,Mahalanobis,40,False,1.0,Random,0.5,0.0,1.0,0.0,0.0,0.0
False,CMU,0.7,,Mahalanobis,40,False,1.0,GenFirst,0.5,0.0,1.0,0.0,0.0,0.0
False,CMU,0.7,,Mahalanobis,40,False,1.0,ImpFirst,0.5,0.0,1.0,0.0,0.0,0.0
False,CMU,0.7,,Mahalanobis,40,True,0.0,Random,0.5,0.0,1.0,0.0,0.0,0.0
False,CMU,0.7,,Mahalanobis,40,True,0.0,GenFirst,0.5,0.0,1.0,0.0,0.0,0.0
False,CMU,0.7,,Mahalanobis,40,True,0.0,ImpFirst,0.5,0.0,1.0,0.0,0.0,0.0
False,CMU,0.7,,Mahalanobis,40,True,0.5,Random,0.5,0.0,1.0,0.0,0.0,0.0
False,CMU,0.7,,Mahalanobis,40,True,0.5,GenFirst,0.5,0.0,1.0,0.0,0.0,0.0
False,CMU,0.7,,Mahalanobis,40,True,0.5,ImpFirst,0.5,0.0,1.0,0.0,0.0,0.0
False,CMU,0.7,,Mahalanobis,40,True,1.0,Random,0.5,0.0,1.0,0.0,0.0,0.0
False,CMU,0.7,,Mahalanobis,40,True,1.0,GenFirst,0.5,0.0,1.0,0.0,0.0,0.0
False,CMU,0.7,,Mahalanobis,40,True,1.0,ImpFirst,0.5,0.0,1.0,0.0,0.0,0.0
GrowingWindow,CMU,0.3,,Mahalanobis,40,False,0.0,Random,0.500198192581126,0.0024461519703314932,0.9966746932691204,0.019046771390281995,0.00292892156862745,0.01719178431276387
GrowingWindow,CMU,0.3,,Mahalanobis,40,False,0.0,GenFirst,0.5013396901158124,0.036204912905959605,0.9936073844742574,0.06859194402827402,0.003713235294117646,0.02577651635530343
GrowingWindow,CMU,0.3,,Mahalanobis,40,False,0.0,ImpFirst,0.49879289215686273,0.007771219272956456,1.0,0.0,0.0024142156862745085,0.015542438545912907
GrowingWindow,CMU,0.3,,Mahalanobis,40,False,0.5,Random,0.5001097924549937,0.0014272909648899684,0.9971333562664831,0.017462355070107995,0.0026470588235294103,0.015758298192943183
GrowingWindow,CMU,0.3,,Mahalanobis,40,False,0.5,GenFirst,0.5044379944960441,0.04781628719452364,0.9888200894392845,0.09633770728784147,0.00230392156862745,0.01241977330449413
GrowingWindow,CMU,0.3,,Mahalanobis,40,False,0.5,ImpFirst,0.49851715686274506,0.009198469328915656,1.0,0.0,0.0029656862745098033,0.0183969386578313
GrowingWindow,CMU,0.3,,Mahalanobis,40,False,1.0,Random,0.5000917325994726,0.0028378327188239116,0.9968753583304666,0.020351858269591825,0.0029411764705882353,0.0183792154185164
GrowingWindow,CMU,0.3,,Mahalanobis,40,False,1.0,GenFirst,0.5091029555096892,0.0665474198912437,0.9790735007453275,0.13369142503064396,0.002720588235294117,0.017037311063704572
GrowingWindow,CMU,0.3,,Mahalanobis,40,False,1.0,ImpFirst,0.4984436274509804,0.008527342618642518,1.0,0.0,0.0031127450980392144,0.017054685237285032
GrowingWindow,CMU,0.3,,Mahalanobis,40,True,0.0,Random,0.5007593906781214,0.0027350328505442176,0.995403876595827,0.024999527155459257,0.00307734204793028,0.021924930869060746
GrowingWindow,CMU,0.3,,Mahalanobis,40,True,0.0,GenFirst,0.4990012254901961,0.004666217867229117,1.0,0.0,0.0019975490196078405,0.00933243573445824
GrowingWindow,CMU,0.3,,Mahalanobis,40,True,0.0,ImpFirst,0.4967953431372549,0.028271835052489928,1.0,0.0,0.006409313725490192,0.05654367010497986
GrowingWindow,CMU,0.3,,Mahalanobis,40,True,0.5,Random,0.5007625495705992,0.003858789956688892,0.9930500642574945,0.04032003950684969,0.005424836601307188,0.03487542901127636
GrowingWindow,CMU,0.3,,Mahalanobis,40,True,0.5,GenFirst,0.4987656590413943,0.0065607970383149096,1.0,0.0,0.002468681917211325,0.013121594076629819
GrowingWindow,CMU,0.3,,Mahalanobis,40,True,0.5,ImpFirst,0.4990134803921569,0.004351245274158884,1.0,0.0,0.001973039215686271,0.008702490548317773
GrowingWindow,CMU,0.3,,Mahalanobis,40,True,1.0,Random,0.5007649638802889,0.003042015493483265,0.990970072239422,0.05847179592960307,0.007499999999999997,0.057209946173514874
GrowingWindow,CMU,0.3,,Mahalanobis,40,True,1.0,GenFirst,0.49811887254901965,0.008760932901094597,1.0,0.0,0.0037622549019607826,0.01752186580218919
GrowingWindow,CMU,0.3,,Mahalanobis,40,True,1.0,ImpFirst,0.4986233660130719,0.006531068184678445,1.0,0.0,0.002753267973856207,0.013062136369356887
GrowingWindow,CMU,0.5,,Mahalanobis,40,False,0.0,Random,0.5000428921568627,0.0016714693454214428,0.99625,0.027175559413041797,0.003664215686274509,0.025670398453039114
GrowingWindow,CMU,0.5,,Mahalanobis,40,False,0.0,GenFirst,0.5112806372549019,0.07191835209271108,0.9752696078431373,0.14587523495904306,0.002169117647058823,0.013494082842878688
GrowingWindow,CMU,0.5,,Mahalanobis,40,False,0.0,ImpFirst,0.49892769607843135,0.006086637975829358,1.0,0.0,0.0021446078431372534,0.012173275951658721
GrowingWindow,CMU,0.5,,Mahalanobis,40,False,0.5,Random,0.49995710784313724,0.003360899880683395,0.9974877450980393,0.014154040399168693,0.002598039215686273,0.015719748291604524
GrowingWindow,CMU,0.5,,Mahalanobis,40,False,0.5,GenFirst,0.5068933823529411,0.058793850700786354,0.9835661764705881,0.11833530493975392,0.002647058823529409,0.015584303980773966
GrowingWindow,CMU,0.5,,Mahalanobis,40,False,0.5,ImpFirst,0.4983210784313725,0.009789442433086338,1.0,0.0,0.0033578431372549016,0.019578884866172666
GrowingWindow,CMU,0.5,,Mahalanobis,40,False,1.0,Random,0.5001960784313726,0.0019352659324089372,0.9968382352941177,0.019813550246142193,0.002769607843137253,0.016883056764951245
GrowingWindow,CMU,0.5,,Mahalanobis,40,False,1.0,GenFirst,0.5114338235294117,0.06890277078358412,0.9746200980392157,0.13873070979839633,0.002512254901960784,0.014381653509263645
GrowingWindow,CMU,0.5,,Mahalanobis,40,False,1.0,ImpFirst,0.49860906862745097,0.00844823067769374,1.0,0.0,0.0027818627450980384,0.016896461355387467
GrowingWindow,CMU,0.5,,Mahalanobis,40,True,0.0,Random,0.5003370098039216,0.0016928961667144343,0.9978553921568627,0.009072957034838028,0.0014705882352941163,0.008231135154308252
GrowingWindow,CMU,0.5,,Mahalanobis,40,True,0.0,GenFirst,0.49927696078431366,0.003537423674563746,1.0,0.0,0.0014460784313725466,0.0070748473491274964
GrowingWindow,CMU,0.5,,Mahalanobis,40,True,0.0,ImpFirst,0.4961274509803922,0.03141793591921767,1.0,0.0,0.007745098039215683,0.06283587183843534
GrowingWindow,CMU,0.5,,Mahalanobis,40,True,0.5,Random,0.5007053376906319,0.002500430115695399,0.9970452069716776,0.01089761452444607,0.0015441176470588195,0.007673995732078766
GrowingWindow,CMU,0.5,,Mahalanobis,40,True,0.5,GenFirst,0.4991544117647059,0.0037933029411053943,1.0,0.0,0.0016911764705882324,0.007586605882210795
GrowingWindow,CMU,0.5,,Mahalanobis,40,True,0.5,ImpFirst,0.4993995098039216,0.002861329348757451,1.0,0.0,0.0012009803921568594,0.005722658697514902
GrowingWindow,CMU,0.5,,Mahalanobis,40,True,1.0,Random,0.5007856753812636,0.0023805345425910508,0.9947031590413944,0.023771729087181732,0.0037254901960784275,0.023753857008892754
GrowingWindow,CMU,0.5,,Mahalanobis,40,True,1.0,GenFirst,0.4991789215686274,0.003862666560115282,1.0,0.0,0.001642156862745095,0.007725333120230568
GrowingWindow,CMU,0.5,,Mahalanobis,40,True,1.0,ImpFirst,0.49875340413943353,0.0074425200786335825,1.0,0.0,0.0024931917211328944,0.01488504015726716
GrowingWindow,CMU,0.7,,Mahalanobis,40,False,0.0,Random,0.5000984332639808,0.0012743703382330713,0.9977933295504696,0.012423282263608488,0.0020098039215686266,0.010973113396325222
GrowingWindow,CMU,0.7,,Mahalanobis,40,False,0.0,GenFirst,0.5151449375302103,0.08001317540348546,0.9677615955278146,0.16236308183269982,0.001948529411764705,0.010728765977781309
GrowingWindow,CMU,0.7,,Mahalanobis,40,False,0.0,ImpFirst,0.49827205882352943,0.010326389365594992,1.0,0.0,0.0034558823529411754,0.02065277873118997
GrowingWindow,CMU,0.7,,Mahalanobis,40,False,0.5,Random,0.5002362779248891,0.0017897010135189278,0.9954710716012022,0.03024898095299414,0.004056372549019607,0.029671370114786714
GrowingWindow,CMU,0.7,,Mahalanobis,40,False,0.5,GenFirst,0.5068586469957758,0.05836841895588684,0.9837336864006053,0.1174986854088313,0.0025490196078431357,0.015569186165704378
GrowingWindow,CMU,0.7,,Mahalanobis,40,False,0.5,ImpFirst,0.4989460784313725,0.005401312414383207,1.0,0.0,0.0021078431372549005,0.0108026248287664
GrowingWindow,CMU,0.7,,Mahalanobis,40,False,1.0,Random,0.5001256160288339,0.0015459448067266695,0.9975306306874304,0.014736719718282762,0.002218137254901959,0.012600584115809572
GrowingWindow,CMU,0.7,,Mahalanobis,40,False,1.0,GenFirst,0.507533842181031,0.06341505584447671,0.9820524136771536,0.12735814190857206,0.0028799019607843126,0.01716261720723716
GrowingWindow,CMU,0.7,,Mahalanobis,40,False,1.0,ImpFirst,0.4988112745098039,0.0064082357658349935,1.0,0.0,0.002377450980392156,0.012816471531669975
GrowingWindow,CMU,0.7,,Mahalanobis,40,True,0.0,Random,0.5004775887482552,0.0016163929072550147,0.9971943323074113,0.0086356942487717,0.0018504901960784278,0.007112606162748958
GrowingWindow,CMU,0.7,,Mahalanobis,40,True,0.0,GenFirst,0.49846745642701523,0.011061045803947693,1.0,0.0,0.0030650871459694962,0.022122091607895397
GrowingWindow,CMU,0.7,,Mahalanobis,40,True,0.0,ImpFirst,0.49867647058823533,0.006729916403504175,1.0,0.0,0.00264705882352941,0.013459832807008347
GrowingWindow,CMU,0.7,,Mahalanobis,40,True,0.5,Random,0.5004732369933836,0.001331119230847155,0.998361804880335,0.0040177548898815635,0.0006917211328976005,0.0028013015641553847
GrowingWindow,CMU,0.7,,Mahalanobis,40,True,0.5,GenFirst,0.4991299019607843,0.0038199730506949126,1.0,0.0,0.0017401960784313708,0.007639946101389823
GrowingWindow,CMU,0.7,,Mahalanobis,40,True,0.5,ImpFirst,0.4987615740740741,0.0064963666174015335,1.0,0.0,0.002476851851851848,0.012992733234803062
GrowingWindow,CMU,0.7,,Mahalanobis,40,True,1.0,Random,0.5004774909485056,0.001496347378393671,0.9976602141814203,0.007893315507667666,0.0013848039215686246,0.006624576528144232
GrowingWindow,CMU,0.7,,Mahalanobis,40,True,1.0,GenFirst,0.49929534313725493,0.003421219880465466,1.0,0.0,0.0014093137254901939,0.00684243976093093
GrowingWindow,CMU,0.7,,Mahalanobis,40,True,1.0,ImpFirst,0.49800245098039214,0.011863397071291443,1.0,0.0,0.0039950980392156835,0.023726794142582896
SlidingWindow,CMU,0.3,,Mahalanobis,40,False,0.0,Random,0.5,0.0,1.0,0.0,0.0,0.0
SlidingWindow,CMU,0.3,,Mahalanobis,40,False,0.0,GenFirst,0.5,0.0,1.0,0.0,0.0,0.0
SlidingWindow,CMU,0.3,,Mahalanobis,40,False,0.0,ImpFirst,0.5,0.0,1.0,0.0,0.0,0.0
SlidingWindow,CMU,0.3,,Mahalanobis,40,False,0.5,Random,0.5000143332186676,0.0002042169310969988,0.9999713335626649,0.00040843386219398985,0.0,0.0
SlidingWindow,CMU,0.3,,Mahalanobis,40,False,0.5,GenFirst,0.5,0.0,1.0,0.0,0.0,0.0
SlidingWindow,CMU,0.3,,Mahalanobis,40,False,0.5,ImpFirst,0.5,0.0,1.0,0.0,0.0,0.0
SlidingWindow,CMU,0.3,,Mahalanobis,40,False,1.0,Random,0.5,0.0,1.0,0.0,0.0,0.0
SlidingWindow,CMU,0.3,,Mahalanobis,40,False,1.0,GenFirst,0.5,0.0,1.0,0.0,0.0,0.0
SlidingWindow,CMU,0.3,,Mahalanobis,40,False,1.0,ImpFirst,0.5,0.0,1.0,0.0,0.0,0.0
SlidingWindow,CMU,0.3,,Mahalanobis,40,True,0.0,Random,0.5016096562894165,0.006704655417972326,0.9753468638917554,0.11166233449314855,0.021433823529411755,0.11320177319286157
SlidingWindow,CMU,0.3,,Mahalanobis,40,True,0.0,GenFirst,0.4963548474945534,0.026563872291253187,0.9950980392156863,0.0698421904351716,0.012192265795206964,0.08138865565841673
SlidingWindow,CMU,0.3,,Mahalanobis,40,True,0.0,ImpFirst,0.4956801470588236,0.03219462049324178,1.0,0.0,0.008639705882352931,0.06438924098648356
SlidingWindow,CMU,0.3,,Mahalanobis,40,True,0.5,Random,0.501279132266942,0.0038018226936564242,0.9914000687994496,0.032428013178671306,0.006041666666666658,0.03262212317970175
SlidingWindow,CMU,0.3,,Mahalanobis,40,True,0.5,GenFirst,0.49499659586056644,0.02498901522287977,0.9950980392156863,0.06984219043517159,0.014908769063180815,0.07920055029933457
SlidingWindow,CMU,0.3,,Mahalanobis,40,True,0.5,ImpFirst,0.49541326252723317,0.027928828950853538,1.0,0.0,0.009173474945533762,0.055857657901707075
SlidingWindow,CMU,0.3,,Mahalanobis,40,True,1.0,Random,0.5019462058481022,0.004911362145039507,0.9916835686959526,0.017436818228651233,0.004424019607843127,0.0144339388153444
SlidingWindow,CMU,0.3,,Mahalanobis,40,True,1.0,GenFirst,0.4983272058823529,0.004216910696274881,1.0,0.0,0.0033455882352941084,0.008433821392549773
SlidingWindow,CMU,0.3,,Mahalanobis,40,True,1.0,ImpFirst,0.4954289215686275,0.032194546438886404,1.0,0.0,0.009142156862745091,0.06438909287777281
SlidingWindow,CMU,0.5,,Mahalanobis,40,False,0.0,Random,0.5,0.0,1.0,0.0,0.0,0.0
SlidingWindow,CMU,0.5,,Mahalanobis,40,False,0.0,GenFirst,0.5,0.0,1.0,0.0,0.0,0.0
SlidingWindow,CMU,0.5,,Mahalanobis,40,False,0.0,ImpFirst,0.5,0.0,1.0,0.0,0.0,0.0
SlidingWindow,CMU,0.5,,Mahalanobis,40,False,0.5,Random,0.5000122549019608,0.00012316024045491025,0.9999754901960785,0.0002463204809098205,0.0,0.0
SlidingWindow,CMU,0.5,,Mahalanobis,40,False,0.5,GenFirst,0.5,0.0,1.0,0.0,0.0,0.0
SlidingWindow,CMU,0.5,,Mahalanobis,40,False,0.5,ImpFirst,0.5,0.0,1.0,0.0,0.0,0.0
SlidingWindow,CMU,0.5,,Mahalanobis,40,False,1.0,Random,0.5000122549019608,0.00017460547608792528,0.9999754901960785,0.00034921095217585837,0.0,0.0
SlidingWindow,CMU,0.5,,Mahalanobis,40,False,1.0,GenFirst,0.5,0.0,1.0,0.0,0.0,0.0
SlidingWindow,CMU,0.5,,Mahalanobis,40,False,1.0,ImpFirst,0.5,0.0,1.0,0.0,0.0,0.0
SlidingWindow,CMU,0.5,,Mahalanobis,40,True,0.0,Random,0.5017061546840959,0.003486836209678392,0.9906072984749457,0.025628026989154076,0.005980392156862734,0.02508235665826653
SlidingWindow,CMU,0.5,,Mahalanobis,40,True,0.0,GenFirst,0.4956794662309369,0.02344098331545023,1.0,0.0,0.008641067538126351,0.046881966630900475
SlidingWindow,CMU,0.5,,Mahalanobis,40,True,0.0,ImpFirst,0.4936458333333334,0.03587999804347366,1.0,0.0,0.012708333333333327,0.07175999608694732
SlidingWindow,CMU,0.5,,Mahalanobis,40,True,0.5,Random,0.5011839596949891,0.0030196142872940365,0.9942129629629629,0.01108036891827729,0.003419117647058814,0.00879614316138448
SlidingWindow,CMU,0.5,,Mahalanobis,40,True,0.5,GenFirst,0.49703431372549023,0.016740267849299252,1.0,0.0,0.0059313725490196005,0.033480535698598504
SlidingWindow,CMU,0.5,,Mahalanobis,40,True,0.5,ImpFirst,0.49490196078431375,0.02135583956228897,1.0,0.0,0.01019607843137254,0.04271167912457795
SlidingWindow,CMU,0.5,,Mahalanobis,40,True,1.0,Random,0.5024468954248366,0.00476902920929258,0.9863684640522876,0.04751966388112474,0.008737745098039205,0.040989221404974324
SlidingWindow,CMU,0.5,,Mahalanobis,40,True,1.0,GenFirst,0.4985089869281046,0.006841791024308504,0.9950980392156863,0.0698421904351716,0.007883986928104565,0.06349042818606893
SlidingWindow,CMU,0.5,,Mahalanobis,40,True,1.0,ImpFirst,0.4966530501089325,0.019424232899334242,1.0,0.0,0.006693899782135069,0.03884846579866848
SlidingWindow,CMU,0.7,,Mahalanobis,40,False,0.0,Random,0.5,0.0,1.0,0.0,0.0,0.0
SlidingWindow,CMU,0.7,,Mahalanobis,40,False,0.0,GenFirst,0.5,0.0,1.0,0.0,0.0,0.0
SlidingWindow,CMU,0.7,,Mahalanobis,40,False,0.0,ImpFirst,0.5,0.0,1.0,0.0,0.0,0.0
SlidingWindow,CMU,0.7,,Mahalanobis,40,False,0.5,Random,0.5000105079545216,0.00011818529600069308,0.9999789840909569,0.00023637059200138375,0.0,0.0
SlidingWindow,CMU,0.7,,Mahalanobis,40,False,0.5,GenFirst,0.5,0.0,1.0,0.0,0.0,0.0
SlidingWindow,CMU,0.7,,Mahalanobis,40,False,0.5,ImpFirst,0.5,0.0,1.0,0.0,0.0,0.0
SlidingWindow,CMU,0.7,,Mahalanobis,40,False,1.0,Random,0.5000052539772608,7.485765319954525e-05,0.9999894920454784,0.00014971530639908273,0.0,0.0
SlidingWindow,CMU,0.7,,Mahalanobis,40,False,1.0,GenFirst,0.5,0.0,1.0,0.0,0.0,0.0
SlidingWindow,CMU,0.7,,Mahalanobis,40,False,1.0,ImpFirst,0.5,0.0,1.0,0.0,0.0,0.0
SlidingWindow,CMU,0.7,,Mahalanobis,40,True,0.0,Random,0.5018907164604565,0.004373193741772291,0.9888533710006556,0.036904344989563485,0.00736519607843136,0.03483434487405627
SlidingWindow,CMU,0.7,,Mahalanobis,40,True,0.0,GenFirst,0.49763752723311544,0.010635109624604294,0.9950980392156863,0.0698421904351716,0.009626906318082782,0.06541505052722008
SlidingWindow,CMU,0.7,,Mahalanobis,40,True,0.0,ImpFirst,0.4949557461873639,0.02320743827637904,1.0,0.0,0.010088507625272322,0.04641487655275808
SlidingWindow,CMU,0.7,,Mahalanobis,40,True,0.5,Random,0.501435093133604,0.0032711162164174024,0.9853610228831188,0.07240455675937141,0.011768790849673194,0.07123395673805277
SlidingWindow,CMU,0.7,,Mahalanobis,40,True,0.5,GenFirst,0.49802627995642706,0.00661995093097733,1.0,0.0,0.00394744008714596,0.013239901861954662
SlidingWindow,CMU,0.7,,Mahalanobis,40,True,0.5,ImpFirst,0.496109068627451,0.03132569348269502,1.0,0.0,0.007781862745098029,0.06265138696539004
SlidingWindow,CMU,0.7,,Mahalanobis,40,True,1.0,Random,0.5017217217808881,0.0032589736881757526,0.9809070466343022,0.10401235234727167,0.01564950980392156,0.10467814091793098
SlidingWindow,CMU,0.7,,Mahalanobis,40,True,1.0,GenFirst,0.4972977941176471,0.01197860562348985,0.9950980392156863,0.0698421904351716,0.0103063725490196,0.06628720197492974
SlidingWindow,CMU,0.7,,Mahalanobis,40,True,1.0,ImpFirst,0.4946139705882353,0.035452858971237136,1.0,0.0,0.010772058823529402,0.07090571794247426
False,CMU,0.3,5.0,Mahalanobis,40,False,0.0,SeriesAttack,0.5,0.0,1.0,0.0,0.0,0.0
False,CMU,0.3,5.0,Mahalanobis,40,False,0.5,SeriesAttack,0.5,0.0,1.0,0.0,0.0,0.0
False,CMU,0.3,5.0,Mahalanobis,40,False,1.0,SeriesAttack,0.5,0.0,1.0,0.0,0.0,0.0
False,CMU,0.3,5.0,Mahalanobis,40,True,0.0,SeriesAttack,0.5,0.0,1.0,0.0,0.0,0.0
False,CMU,0.3,5.0,Mahalanobis,40,True,0.5,SeriesAttack,0.5,0.0,1.0,0.0,0.0,0.0
False,CMU,0.3,5.0,Mahalanobis,40,True,1.0,SeriesAttack,0.5,0.0,1.0,0.0,0.0,0.0
False,CMU,0.5,5.0,Mahalanobis,40,False,0.0,SeriesAttack,0.5,0.0,1.0,0.0,0.0,0.0
False,CMU,0.5,5.0,Mahalanobis,40,False,0.5,SeriesAttack,0.5,0.0,1.0,0.0,0.0,0.0
False,CMU,0.5,5.0,Mahalanobis,40,False,1.0,SeriesAttack,0.5,0.0,1.0,0.0,0.0,0.0
False,CMU,0.5,5.0,Mahalanobis,40,True,0.0,SeriesAttack,0.5,0.0,1.0,0.0,0.0,0.0
False,CMU,0.5,5.0,Mahalanobis,40,True,0.5,SeriesAttack,0.5,0.0,1.0,0.0,0.0,0.0
False,CMU,0.5,5.0,Mahalanobis,40,True,1.0,SeriesAttack,0.5,0.0,1.0,0.0,0.0,0.0
False,CMU,0.7,5.0,Mahalanobis,40,False,0.0,SeriesAttack,0.5,0.0,1.0,0.0,0.0,0.0
False,CMU,0.7,5.0,Mahalanobis,40,False,0.5,SeriesAttack,0.5,0.0,1.0,0.0,0.0,0.0
False,CMU,0.7,5.0,Mahalanobis,40,False,1.0,SeriesAttack,0.5,0.0,1.0,0.0,0.0,0.0
False,CMU,0.7,5.0,Mahalanobis,40,True,0.0,SeriesAttack,0.5,0.0,1.0,0.0,0.0,0.0
False,CMU,0.7,5.0,Mahalanobis,40,True,0.5,SeriesAttack,0.5,0.0,1.0,0.0,0.0,0.0
False,CMU,0.7,5.0,Mahalanobis,40,True,1.0,SeriesAttack,0.5,0.0,1.0,0.0,0.0,0.0
GrowingWindow,CMU,0.3,5.0,Mahalanobis,40,False,0.0,SeriesAttack,0.5005565230478156,0.00236080020992247,0.9959580323357413,0.020039685091104643,0.0029289215686274495,0.017080937569371027
GrowingWindow,CMU,0.3,5.0,Mahalanobis,40,False,0.5,SeriesAttack,0.5006676771585827,0.002592052059822493,0.9952700378396973,0.026978072359316957,0.0033946078431372527,0.023030828025759197
GrowingWindow,CMU,0.3,5.0,Mahalanobis,40,False,1.0,SeriesAttack,0.5006192308794862,0.0025637006050234653,0.9964453617704391,0.019093310660892877,0.0023161764705882325,0.014862417502145257
GrowingWindow,CMU,0.3,5.0,Mahalanobis,40,True,0.0,SeriesAttack,0.49981975977525517,0.0010916653611365737,0.9987673431945877,0.007414528437353657,0.0015931372549019584,0.007880769095093497
GrowingWindow,CMU,0.3,5.0,Mahalanobis,40,True,0.5,SeriesAttack,0.4996136122577687,0.001337127518463813,0.9997420020639834,0.0036759047597458784,0.0010307734204792996,0.004905837511763226
GrowingWindow,CMU,0.3,5.0,Mahalanobis,40,True,1.0,SeriesAttack,0.4996318191683904,0.0017280447739901003,0.9922818409660514,0.06486007558086267,0.008454520697167754,0.06741447578350547
GrowingWindow,CMU,0.5,5.0,Mahalanobis,40,False,0.0,SeriesAttack,0.49997549019607845,0.0009091782838721152,0.9980392156862746,0.01000996715889252,0.0020098039215686258,0.010257345620443888
GrowingWindow,CMU,0.5,5.0,Mahalanobis,40,False,0.5,SeriesAttack,0.4999877450980392,0.0007000327819533107,0.9977573529411764,0.012471583183811374,0.002267156862745097,0.0126137355009973
GrowingWindow,CMU,0.5,5.0,Mahalanobis,40,False,1.0,SeriesAttack,0.4999509803921569,0.000996648314281728,0.9976838235294118,0.015737484385771047,0.002414215686274508,0.0152639760410232
GrowingWindow,CMU,0.5,5.0,Mahalanobis,40,True,0.0,SeriesAttack,0.5001041666666667,0.001348971936679074,0.9981862745098039,0.010819128296730512,0.001605392156862742,0.011029813445844612
GrowingWindow,CMU,0.5,5.0,Mahalanobis,40,True,0.5,SeriesAttack,0.5001960784313726,0.0012832000110498318,0.9972549019607843,0.013065679690498383,0.002352941176470586,0.012859170877751274
GrowingWindow,CMU,0.5,5.0,Mahalanobis,40,True,1.0,SeriesAttack,0.5001899509803921,0.001194507240085493,0.9942279411764707,0.02819614863278369,0.0053921568627450945,0.02810551089033548
GrowingWindow,CMU,0.7,5.0,Mahalanobis,40,False,0.0,SeriesAttack,0.5011247189122165,0.012836567342938891,0.9956917386461551,0.027257010187975123,0.002058823529411764,0.010513248904952527
GrowingWindow,CMU,0.7,5.0,Mahalanobis,40,False,0.5,SeriesAttack,0.5029679783220898,0.018203124406683306,0.9920664943362124,0.03906378555661076,0.0019975490196078418,0.010514870136748957
GrowingWindow,CMU,0.7,5.0,Mahalanobis,40,False,1.0,SeriesAttack,0.5028481416682428,0.01947210342045925,0.9915831284282203,0.04263983322081369,0.002720588235294117,0.015679475395356416
GrowingWindow,CMU,0.7,5.0,Mahalanobis,40,True,0.0,SeriesAttack,0.4999388478455576,0.0018226204715011424,0.9977080886226106,0.009160533628361719,0.002414215686274507,0.012168093276791359
GrowingWindow,CMU,0.7,5.0,Mahalanobis,40,True,0.5,SeriesAttack,0.49992269600635364,0.0012852442136090552,0.9983163726931753,0.006609465953405983,0.0018382352941176433,0.00868446374920774
GrowingWindow,CMU,0.7,5.0,Mahalanobis,40,True,1.0,SeriesAttack,0.5000484285354014,0.0010858137944479063,0.9984080448899818,0.005581897742923188,0.0014950980392156837,0.006763329285906759
SlidingWindow,CMU,0.3,5.0,Mahalanobis,40,False,0.0,SeriesAttack,0.5,0.0,1.0,0.0,0.0,0.0
SlidingWindow,CMU,0.3,5.0,Mahalanobis,40,False,0.5,SeriesAttack,0.5,0.0,1.0,0.0,0.0,0.0
SlidingWindow,CMU,0.3,5.0,Mahalanobis,40,False,1.0,SeriesAttack,0.5,0.0,1.0,0.0,0.0,0.0
SlidingWindow,CMU,0.3,5.0,Mahalanobis,40,True,0.0,SeriesAttack,0.5004839969613577,0.003901997651371977,0.98807476206857,0.07026816852642515,0.01095724400871459,0.07065984458876833
SlidingWindow,CMU,0.3,5.0,Mahalanobis,40,True,0.5,SeriesAttack,0.5005725762527234,0.0040077009365172105,0.9847494553376904,0.08794892874182973,0.014105392156862738,0.08863425852710755
SlidingWindow,CMU,0.3,5.0,Mahalanobis,40,True,1.0,SeriesAttack,0.5006971026049974,0.00389793336039014,0.9850491499098311,0.08916016531039518,0.013556644880174282,0.0897869979654895
SlidingWindow,CMU,0.5,5.0,Mahalanobis,40,False,0.0,SeriesAttack,0.5,0.0,1.0,0.0,0.0,0.0
SlidingWindow,CMU,0.5,5.0,Mahalanobis,40,False,0.5,SeriesAttack,0.5,0.0,1.0,0.0,0.0,0.0
SlidingWindow,CMU,0.5,5.0,Mahalanobis,40,False,1.0,SeriesAttack,0.5,0.0,1.0,0.0,0.0,0.0
SlidingWindow,CMU,0.5,5.0,Mahalanobis,40,True,0.0,SeriesAttack,0.5006944444444444,0.0021769541676561477,0.991013071895425,0.062273003989932886,0.007598039215686265,0.06273770636608332
SlidingWindow,CMU,0.5,5.0,Mahalanobis,40,True,0.5,SeriesAttack,0.5009708605664488,0.0023869608214989874,0.9887935729847496,0.06432908754462535,0.009264705882352934,0.06446146462028245
SlidingWindow,CMU,0.5,5.0,Mahalanobis,40,True,1.0,SeriesAttack,0.5010511982570806,0.002372219304699257,0.9881290849673204,0.06737063558735007,0.009768518518518511,0.06724229052040633
SlidingWindow,CMU,0.7,5.0,Mahalanobis,40,False,0.0,SeriesAttack,0.5,0.0,1.0,0.0,0.0,0.0
SlidingWindow,CMU,0.7,5.0,Mahalanobis,40,False,0.5,SeriesAttack,0.5,0.0,1.0,0.0,0.0,0.0
SlidingWindow,CMU,0.7,5.0,Mahalanobis,40,False,1.0,SeriesAttack,0.5,0.0,1.0,0.0,0.0,0.0
SlidingWindow,CMU,0.7,5.0,Mahalanobis,40,True,0.0,SeriesAttack,0.5002696341130235,0.0023439042937735085,0.9949509278523843,0.012135430774264532,0.004509803921568616,0.01536340514367216
SlidingWindow,CMU,0.7,5.0,Mahalanobis,40,True,0.5,SeriesAttack,0.5002459977828216,0.0026084957103993476,0.9949614358069059,0.010817155775673387,0.004546568627450971,0.014510274858216045
SlidingWindow,CMU,0.7,5.0,Mahalanobis,40,True,1.0,SeriesAttack,0.5006413598352296,0.0024711418602181524,0.9896350363208264,0.06520441664847484,0.009082244008714586,0.06363355709927176
