,adaptive,impostor_rate,len_attacks,method,model_size,normalize,rate_external_impostor,sampling,Bacc_mean,Bacc_std,FMR_mean,FMR_std,FNMR_mean,FNMR_std
0,False,0.3,,Euclidian,40,False,0.0,Random,0.5891076380046968,0.20386537543205221,0.4990450725744844,0.34721887797424206,0.322739651416122,0.25479744828045175
1,False,0.3,,Euclidian,40,False,0.0,GenFirst,0.5940419602184308,0.20285650075111597,0.5106633562515915,0.35139036868234835,0.30125272331154684,0.2507310865112825
2,False,0.3,,Euclidian,40,False,0.0,ImpFirst,0.588995876128229,0.20477124346555794,0.4996498599439776,0.3437353010903664,0.3223583877995642,0.24315314799230464
3,False,0.3,,Euclidian,40,False,0.5,Random,0.6153718558130323,0.1668522287262474,0.4523172905525847,0.2770851150073398,0.3169389978213508,0.2566312227965029
4,False,0.3,,Euclidian,40,False,0.5,GenFirst,0.6198933487536429,0.16347492771674302,0.44900687547746376,0.28006988738714017,0.3112064270152506,0.2525165909686781
5,False,0.3,,Euclidian,40,False,0.5,ImpFirst,0.6197217270746682,0.16539805589533896,0.4603386809269162,0.28396096466135023,0.30021786492374725,0.24218828659441055
6,False,0.3,,Euclidian,40,False,1.0,Random,0.6179835823218176,0.185274656097716,0.4551820728291316,0.3240285253420625,0.30885076252723315,0.25140543295630324
7,False,0.3,,Euclidian,40,False,1.0,GenFirst,0.6214798545680899,0.18103345863761214,0.4488158899923606,0.33135513830210894,0.3082244008714597,0.2521407141246555
8,False,0.3,,Euclidian,40,False,1.0,ImpFirst,0.6261743838949722,0.18790107218529425,0.4498026483320601,0.3236839242288075,0.2978485838779956,0.24035652268634933
9,False,0.3,,Euclidian,40,True,0.0,Random,0.5031561235605354,0.02359459664171441,0.0007002801120448179,0.006487574496048559,0.9929874727668846,0.05183660786280082
10,False,0.3,,Euclidian,40,True,0.0,GenFirst,0.5031088192852898,0.028428902270555775,0.00031830914183855356,0.0034477450124907063,0.9934640522875818,0.05752914265064957
11,False,0.3,,Euclidian,40,True,0.0,ImpFirst,0.5025882954191777,0.018762932473259258,0.0012095747389865037,0.013463084495614423,0.9936138344226578,0.04984345189947788
12,False,0.3,,Euclidian,40,True,0.5,Random,0.5081590590781767,0.04777489929176829,0.001941685765215177,0.027664763743801734,0.9817401960784312,0.1094656028511359
13,False,0.3,,Euclidian,40,True,0.5,GenFirst,0.5048489092606739,0.023658070455883324,0.00582505729564553,0.05735060707392887,0.9844771241830065,0.09209631677411872
14,False,0.3,,Euclidian,40,True,0.5,ImpFirst,0.5046046069943129,0.0342764447506501,6.366182836771073e-05,0.0009070414342230075,0.9907271241830065,0.0691419505948371
15,False,0.3,,Euclidian,40,True,1.0,Random,0.5011292016806723,0.00859288678581863,0.005952380952380952,0.07135558829780513,0.9917892156862744,0.0762906882516417
16,False,0.3,,Euclidian,40,True,1.0,GenFirst,0.5006195533769063,0.004379554704900075,0.0,0.0,0.9987608932461874,0.008759109409800157
17,False,0.3,,Euclidian,40,True,1.0,ImpFirst,0.5035027268483151,0.025495811699300982,0.0013687293099057805,0.019501390835794663,0.9916258169934642,0.06876820963326737
18,False,0.5,,Euclidian,40,False,0.0,Random,0.5973856209150327,0.19366091494469592,0.4871732026143791,0.33752662556639595,0.31805555555555554,0.2563204163423946
19,False,0.5,,Euclidian,40,False,0.0,GenFirst,0.6019812091503267,0.1886362603861635,0.48284313725490197,0.33441283348353257,0.3131944444444444,0.25128996130612075
20,False,0.5,,Euclidian,40,False,0.0,ImpFirst,0.5966979847494552,0.19379257601292488,0.4808687363834423,0.33481766050867523,0.325735294117647,0.2549352275300664
21,False,0.5,,Euclidian,40,False,0.5,Random,0.6109068627450981,0.1706648585026432,0.46277233115468414,0.27841844957113654,0.31541394335511985,0.25945627263388465
22,False,0.5,,Euclidian,40,False,0.5,GenFirst,0.6089869281045752,0.16562391733822993,0.4707652505446624,0.27815054491381946,0.31126089324618733,0.24950859526708288
23,False,0.5,,Euclidian,40,False,0.5,ImpFirst,0.6133850762527233,0.1618111702972275,0.47328431372549024,0.28176013651260773,0.29994553376906313,0.23139431269165117
24,False,0.5,,Euclidian,40,False,1.0,Random,0.6228417755991286,0.18017657580056742,0.4317129629629629,0.3262013659221375,0.3226034858387799,0.2536487959649277
25,False,0.5,,Euclidian,40,False,1.0,GenFirst,0.6183346949891068,0.17647996657409826,0.4392156862745098,0.3363273971719885,0.3241149237472767,0.249691189174896
26,False,0.5,,Euclidian,40,False,1.0,ImpFirst,0.6115264161220044,0.18255131186737023,0.45687636165577344,0.3319695046562525,0.3200708061002178,0.259540310293883
27,False,0.5,,Euclidian,40,True,0.0,Random,0.5047930283224401,0.034084906831184904,0.002110566448801743,0.021911317754655085,0.9883033769063181,0.07511739789937562
28,False,0.5,,Euclidian,40,True,0.0,GenFirst,0.5038807189542484,0.028814293142325524,0.0,0.0,0.9922385620915034,0.05762858628465104
29,False,0.5,,Euclidian,40,True,0.0,ImpFirst,0.504187091503268,0.028521988078655164,0.0016203703703703705,0.01996614112780794,0.9900054466230936,0.0637973671976628
30,False,0.5,,Euclidian,40,True,0.5,Random,0.5035607298474946,0.03342882048396695,0.0,0.0,0.9928785403050109,0.0668576409679339
31,False,0.5,,Euclidian,40,True,0.5,GenFirst,0.5052423747276689,0.03722027462892903,0.007148692810457516,0.07364062410863625,0.9823665577342048,0.1122535037938866
32,False,0.5,,Euclidian,40,True,0.5,ImpFirst,0.5013139978213508,0.006431496045907284,0.0,0.0,0.9973720043572986,0.012862992091814561
33,False,0.5,,Euclidian,40,True,1.0,Random,0.5049768518518519,0.027859286618172358,0.005010893246187364,0.06831880659272495,0.9850354030501088,0.08909511218537253
34,False,0.5,,Euclidian,40,True,1.0,GenFirst,0.5027505446623093,0.020772861029033054,1.3616557734204794e-05,0.0001940060845421433,0.9944852941176471,0.041613508157228155
35,False,0.5,,Euclidian,40,True,1.0,ImpFirst,0.5063997821350763,0.03779245120581961,0.007039760348583878,0.07590303000233203,0.9801606753812636,0.10963046642100528
36,False,0.7,,Euclidian,40,False,0.0,Random,0.6462496283442525,0.15815112797508227,0.3872256888452639,0.267295329040502,0.32027505446623095,0.2597405536710464
37,False,0.7,,Euclidian,40,False,0.0,GenFirst,0.6437869059026072,0.15813080998479703,0.39878239734511206,0.27177880867469323,0.31364379084967325,0.2557424493442008
38,False,0.7,,Euclidian,40,False,0.0,ImpFirst,0.6471396627118601,0.15964718440412437,0.38543200355231483,0.2551244096336567,0.32028867102396513,0.25777057299666084
39,False,0.7,,Euclidian,40,False,0.5,Random,0.6168865846232546,0.1632625729404835,0.4655051531935778,0.28428231080063515,0.30072167755991286,0.23796666354307877
40,False,0.7,,Euclidian,40,False,0.5,GenFirst,0.6121402323676127,0.1617316581257248,0.4638867465937507,0.28337122018614086,0.311832788671024,0.25412709598213906
41,False,0.7,,Euclidian,40,False,0.5,ImpFirst,0.6076640446272537,0.1631448681316271,0.45610437261913117,0.28353948599361417,0.32856753812636164,0.25961840323948604
42,False,0.7,,Euclidian,40,False,1.0,Random,0.6366736339947182,0.14597743392454368,0.41770665357919096,0.2692423473144305,0.30894607843137256,0.2562413150373441
43,False,0.7,,Euclidian,40,False,1.0,GenFirst,0.6269653610351571,0.14928062932735248,0.41878169623033956,0.26121812346611967,0.3272875816993464,0.26010368970926395
44,False,0.7,,Euclidian,40,False,1.0,ImpFirst,0.6305432535880198,0.15409482004314698,0.4193601159176424,0.2619584337917156,0.3195533769063181,0.255122247257754
45,False,0.7,,Euclidian,40,True,0.0,Random,0.504262315275733,0.021475670738222735,0.0010750426511486597,0.014735850681119272,0.9904003267973858,0.05186860344771462
46,False,0.7,,Euclidian,40,True,0.0,GenFirst,0.5051417842332271,0.03629174582943887,0.0023253639954193836,0.032797559460505527,0.9873910675381264,0.09171630956609708
47,False,0.7,,Euclidian,40,True,0.0,ImpFirst,0.5039988373180023,0.027909871863209763,0.01234546261889738,0.09678264292840899,0.979656862745098,0.12942901635357312
48,False,0.7,,Euclidian,40,True,0.5,Random,0.5009239702701369,0.006634312267857233,1.7527869312206408e-05,0.00024973369643088765,0.9981345315904139,0.01327481698302677
49,False,0.7,,Euclidian,40,True,0.5,GenFirst,0.5051971187428753,0.03473813421873818,0.0025006426885414474,0.031414666847399825,0.987105119825708,0.09073828363804462
50,False,0.7,,Euclidian,40,True,0.5,ImpFirst,0.5033935983677008,0.0168085949074447,0.0030031082754913645,0.034713617590058664,0.9902096949891068,0.05678942894860634
51,False,0.7,,Euclidian,40,True,1.0,Random,0.5023692810457517,0.021255782454824238,0.0,0.0,0.9952614379084966,0.04251156490964846
52,False,0.7,,Euclidian,40,True,1.0,GenFirst,0.5044880433964077,0.03809017025202595,0.002570754165790273,0.028498530798694535,0.9884531590413943,0.0914069611976021
53,False,0.7,,Euclidian,40,True,1.0,ImpFirst,0.5040966769107325,0.03564868534171654,0.004837691930168969,0.0687593924983776,0.9869689542483662,0.09924703360355364
54,GrowingWindow,0.3,,Euclidian,40,False,0.0,Random,0.6290092804798687,0.15938300968806435,0.6234084542908072,0.3309218919539723,0.11857298474945534,0.07295793820288698
55,GrowingWindow,0.3,,Euclidian,40,False,0.0,GenFirst,0.6455865553292024,0.15851739491328862,0.5900496562261268,0.3327545291826123,0.11877723311546841,0.07330067479159419
56,GrowingWindow,0.3,,Euclidian,40,False,0.0,ImpFirst,0.6886687250657838,0.171689515498024,0.5000318309141839,0.3450330777311936,0.12263071895424836,0.0851503052040391
57,GrowingWindow,0.3,,Euclidian,40,False,0.5,Random,0.6814172007186713,0.14482607082928792,0.5228545963840082,0.3057296788219716,0.11431100217864923,0.07269315239897797
58,GrowingWindow,0.3,,Euclidian,40,False,0.5,GenFirst,0.7023586707410236,0.1516504179336129,0.474694423223835,0.31529708552340435,0.12058823529411765,0.07516357629987541
59,GrowingWindow,0.3,,Euclidian,40,False,0.5,ImpFirst,0.7137139956992897,0.13603421679546163,0.45604150751209577,0.2825162520909583,0.11653050108932461,0.07434696884238151
60,GrowingWindow,0.3,,Euclidian,40,False,1.0,Random,0.6650668979713097,0.16554641273033416,0.5488286223580341,0.344078636991002,0.12103758169934642,0.08036561472347281
61,GrowingWindow,0.3,,Euclidian,40,False,1.0,GenFirst,0.6680017966782673,0.17189569865677853,0.5458046855105678,0.3535722168497657,0.11819172113289758,0.07404441207342155
62,GrowingWindow,0.3,,Euclidian,40,False,1.0,ImpFirst,0.7137551990493166,0.1613664779170874,0.45565953654188956,0.3236892956693502,0.11683006535947714,0.07593205996670511
63,GrowingWindow,0.3,,Euclidian,40,True,0.0,Random,0.5042369599354893,0.032848915884932134,6.366182836771073e-05,0.0009070414342230078,0.9914624183006535,0.06581239872957886
64,GrowingWindow,0.3,,Euclidian,40,True,0.0,GenFirst,0.5021182589197295,0.027053097496696592,0.00884899414311179,0.08862396487615225,0.9869144880174292,0.09109545410251725
65,GrowingWindow,0.3,,Euclidian,40,True,0.0,ImpFirst,0.5028730936819172,0.02646493157617411,0.004901960784313725,0.06984219043517159,0.9893518518518519,0.08731074852431066
66,GrowingWindow,0.3,,Euclidian,40,True,0.5,Random,0.5052401642475172,0.029182569994807124,0.007289279348102877,0.07173743941412282,0.9822303921568627,0.10470301971303643
67,GrowingWindow,0.3,,Euclidian,40,True,0.5,GenFirst,0.5036989290665761,0.025638728788479163,0.0002546473134708429,0.0032046633431762708,0.9923474945533769,0.053944416221996354
68,GrowingWindow,0.3,,Euclidian,40,True,0.5,ImpFirst,0.5027165032679739,0.03137194841373734,0.0,0.0,0.9945669934640522,0.06274389682747468
69,GrowingWindow,0.3,,Euclidian,40,True,1.0,Random,0.5032732790085731,0.028222850378613207,0.004074357015533487,0.046376669769221224,0.9893790849673202,0.08833176764200887
70,GrowingWindow,0.3,,Euclidian,40,True,1.0,GenFirst,0.508008658008658,0.04989128225435187,0.00015915457091927678,0.002267603585557519,0.9838235294117647,0.1009733192311134
71,GrowingWindow,0.3,,Euclidian,40,True,1.0,ImpFirst,0.5016680283224402,0.013673700563761226,0.0,0.0,0.9966639433551198,0.027347401127522444
72,GrowingWindow,0.5,,Euclidian,40,False,0.0,Random,0.6048270697167756,0.14558195205063412,0.6742919389978212,0.3012703792671359,0.11605392156862744,0.07422007165385723
73,GrowingWindow,0.5,,Euclidian,40,False,0.0,GenFirst,0.607788671023965,0.14711911865075245,0.6656181917211328,0.30781067305032184,0.1188044662309368,0.07540643012429739
74,GrowingWindow,0.5,,Euclidian,40,False,0.0,ImpFirst,0.693756808278867,0.16894931149609027,0.49581971677559916,0.3414138916460144,0.11666666666666667,0.07526128536505532
75,GrowingWindow,0.5,,Euclidian,40,False,0.5,Random,0.6455882352941176,0.12731032054327943,0.5911628540305011,0.26456757476956755,0.11766067538126362,0.07478254540657363
76,GrowingWindow,0.5,,Euclidian,40,False,0.5,GenFirst,0.6522807734204793,0.13407052121921686,0.5781181917211329,0.28360312886024425,0.11732026143790848,0.07430299913199408
77,GrowingWindow,0.5,,Euclidian,40,False,0.5,ImpFirst,0.7052219498910676,0.13638466902158836,0.4702342047930283,0.2798657575829106,0.11932189542483661,0.07317501513084487
78,GrowingWindow,0.5,,Euclidian,40,False,1.0,Random,0.6277165032679738,0.15634491195483008,0.6287173202614379,0.32273300536219945,0.11584967320261437,0.07331592707377242
79,GrowingWindow,0.5,,Euclidian,40,False,1.0,GenFirst,0.6265931372549018,0.15729956702456313,0.6234068627450979,0.3244056755701952,0.12340686274509803,0.07969259644845006
80,GrowingWindow,0.5,,Euclidian,40,False,1.0,ImpFirst,0.7178649237472767,0.16643031298630423,0.44448529411764703,0.3340138611893562,0.11978485838779956,0.07546202807802765
81,GrowingWindow,0.5,,Euclidian,40,True,0.0,Random,0.5035743464052288,0.024592320360957612,0.004888344226579521,0.06964818435062947,0.9879629629629628,0.08501332478943176
82,GrowingWindow,0.5,,Euclidian,40,True,0.0,GenFirst,0.5025054466230937,0.013124440507040544,0.003826252723311547,0.053933964803290727,0.9911628540305011,0.07025676563774669
83,GrowingWindow,0.5,,Euclidian,40,True,0.0,ImpFirst,0.5009463507625272,0.006364903303764014,0.0,0.0,0.9981072984749455,0.012729806607528026
84,GrowingWindow,0.5,,Euclidian,40,True,0.5,Random,0.505058551198257,0.035057865418822366,0.009095860566448802,0.08759410410043589,0.980787037037037,0.11401561565792027
85,GrowingWindow,0.5,,Euclidian,40,True,0.5,GenFirst,0.5053989651416122,0.04818993613886636,0.0,0.0,0.9892020697167756,0.0963798722777327
86,GrowingWindow,0.5,,Euclidian,40,True,0.5,ImpFirst,0.5067946623093682,0.04584154662608883,0.007434640522875817,0.07380243128090652,0.9789760348583878,0.12412335407463458
87,GrowingWindow,0.5,,Euclidian,40,True,1.0,Random,0.5072303921568628,0.046777121136218645,0.0012935729847494554,0.01804273028231494,0.984245642701525,0.09655172527391374
88,GrowingWindow,0.5,,Euclidian,40,True,1.0,GenFirst,0.503785403050109,0.03710207908629598,0.0,0.0,0.9924291938997821,0.07420415817259196
89,GrowingWindow,0.5,,Euclidian,40,True,1.0,ImpFirst,0.5017088779956427,0.008788501790024732,1.3616557734204794e-05,0.0001940060845421433,0.9965686274509804,0.017618415590787768
90,GrowingWindow,0.7,,Euclidian,40,False,0.0,Random,0.6074344051950008,0.11144019076501856,0.6654280305686041,0.248755503164725,0.11970315904139434,0.07753893415906596
91,GrowingWindow,0.7,,Euclidian,40,False,0.0,GenFirst,0.5850963610844947,0.09862568923579061,0.7113159924279605,0.2233955661672937,0.11849128540305012,0.07554870200922226
92,GrowingWindow,0.7,,Euclidian,40,False,0.0,ImpFirst,0.7414754911698489,0.13760377497550585,0.3996062072027858,0.28037148668148504,0.11744281045751635,0.07432141614201315
93,GrowingWindow,0.7,,Euclidian,40,False,0.5,Random,0.6224393811623444,0.11275065507223518,0.6335389936665966,0.24325201505538674,0.12158224400871459,0.08130338301070408
94,GrowingWindow,0.7,,Euclidian,40,False,0.5,GenFirst,0.6150475865422318,0.11195559933491403,0.6497931711421158,0.24202411367575405,0.12011165577342049,0.080722357167575
95,GrowingWindow,0.7,,Euclidian,40,False,0.5,ImpFirst,0.7100644944443146,0.13637377255296698,0.4609303793030919,0.27539492876847327,0.11894063180827887,0.07415869244697104
96,GrowingWindow,0.7,,Euclidian,40,False,1.0,Random,0.6334909380915656,0.10623221985098569,0.6126749865619668,0.23084290473432792,0.12034313725490195,0.08153113129272761
97,GrowingWindow,0.7,,Euclidian,40,False,1.0,GenFirst,0.6249284927850095,0.10543633280740534,0.6315700296805253,0.22809902986447042,0.11857298474945532,0.07433282733315806
98,GrowingWindow,0.7,,Euclidian,40,False,1.0,ImpFirst,0.7227701872365951,0.1307726879113176,0.43235995232419544,0.2707029016034728,0.12209967320261438,0.09413889984585311
99,GrowingWindow,0.7,,Euclidian,40,True,0.0,Random,0.5047492573376854,0.02669826116048023,5.8426231040688025e-06,8.324456547696256e-05,0.9904956427015251,0.05339541745843051
100,GrowingWindow,0.7,,Euclidian,40,True,0.0,GenFirst,0.5040188158431165,0.025461314284463573,0.014729252845357454,0.10971101168142677,0.9772331154684096,0.1336535275796042
101,GrowingWindow,0.7,,Euclidian,40,True,0.0,ImpFirst,0.5065425125486561,0.039993006414632805,0.005310944401598542,0.06999408904834342,0.9816040305010892,0.10785463764712566
102,GrowingWindow,0.7,,Euclidian,40,True,0.5,Random,0.5045217602005707,0.02825852190140114,0.0047500525836079366,0.06244827432029213,0.9862064270152504,0.08817643225307338
103,GrowingWindow,0.7,,Euclidian,40,True,0.5,GenFirst,0.5031762527882296,0.02504048320285233,0.0004966229638458481,0.005143881349593763,0.9931508714596949,0.05492932722982124
104,GrowingWindow,0.7,,Euclidian,40,True,0.5,ImpFirst,0.5022091282546657,0.016416978503294963,0.007618780527705718,0.07770737050707986,0.987962962962963,0.09201946808286564
105,GrowingWindow,0.7,,Euclidian,40,True,1.0,Random,0.5064837617274429,0.04435651277246882,0.007607095281497581,0.07113723855714375,0.9794253812636164,0.12875256176638789
106,GrowingWindow,0.7,,Euclidian,40,True,1.0,GenFirst,0.5045722664314037,0.032642547675975866,0.004866905045689313,0.06850950606962511,0.9859885620915032,0.09518099209531071
107,GrowingWindow,0.7,,Euclidian,40,True,1.0,ImpFirst,0.5028740349934173,0.01989848025354111,0.004954544392250344,0.0635420072902566,0.989297385620915,0.07931430168113131
108,SlidingWindow,0.3,,Euclidian,40,False,0.0,Random,0.6522596412302295,0.1641618962638697,0.5693913929208047,0.3415786776649859,0.12608932461873637,0.0730032107662895
109,SlidingWindow,0.3,,Euclidian,40,False,0.0,GenFirst,0.6747912422544775,0.1674557449225397,0.5244779730073849,0.3488220253134179,0.12593954248366016,0.07227710274625843
110,SlidingWindow,0.3,,Euclidian,40,False,0.0,ImpFirst,0.6895471698780523,0.16938886694127359,0.49493888464476704,0.3391426196948721,0.12596677559912856,0.07620479133686082
111,SlidingWindow,0.3,,Euclidian,40,False,0.5,Random,0.7039481828084768,0.15190192786810167,0.4688057040998217,0.32015769574553105,0.12329793028322439,0.07320597158396072
112,SlidingWindow,0.3,,Euclidian,40,False,0.5,GenFirst,0.7294038069773363,0.15946778228679123,0.4203590527119939,0.3293236472824382,0.12083333333333332,0.07425877367967765
113,SlidingWindow,0.3,,Euclidian,40,False,0.5,ImpFirst,0.7105623815182638,0.13504367086126146,0.4553730583142347,0.277711276683184,0.12350217864923746,0.07293843338216174
114,SlidingWindow,0.3,,Euclidian,40,False,1.0,Random,0.6785729316979318,0.17249427058985237,0.5162337662337662,0.3563169026404249,0.12662037037037038,0.07721297008230449
115,SlidingWindow,0.3,,Euclidian,40,False,1.0,GenFirst,0.6938757321110262,0.1792760215996843,0.4867583396995161,0.3702124220153784,0.12549019607843137,0.07494290145222716
116,SlidingWindow,0.3,,Euclidian,40,False,1.0,ImpFirst,0.7131260963981552,0.16270994312444584,0.4463649096002037,0.3322876485860428,0.12738289760348584,0.07429744306777337
117,SlidingWindow,0.3,,Euclidian,40,True,0.0,Random,0.5085133548368842,0.0564439180001709,0.004106187929717341,0.052010535201066445,0.9788671023965141,0.13012645427787875
118,SlidingWindow,0.3,,Euclidian,40,True,0.0,GenFirst,0.5040497764762472,0.02358675060090452,0.0012414056531703593,0.014502431387531791,0.9906590413943355,0.053593892523837776
119,SlidingWindow,0.3,,Euclidian,40,True,0.0,ImpFirst,0.5029588603118015,0.01948049384246448,0.0005092946269416858,0.007256331473784063,0.9935729847494553,0.04537172710193595
120,SlidingWindow,0.3,,Euclidian,40,True,0.5,Random,0.5021786492374728,0.016643826254044983,0.004901960784313725,0.06938791771562941,0.9907407407407408,0.07585631672801779
121,SlidingWindow,0.3,,Euclidian,40,True,0.5,GenFirst,0.5040276716747305,0.03185721776753426,0.00795772854596384,0.07809645872050774,0.9839869281045752,0.11059601223189335
122,SlidingWindow,0.3,,Euclidian,40,True,0.5,ImpFirst,0.5070208386384857,0.04621805476603958,0.003278584160937102,0.042767234968804156,0.9826797385620916,0.10973320211366756
123,SlidingWindow,0.3,,Euclidian,40,True,1.0,Random,0.505718954248366,0.037972241405749375,0.0,0.0,0.988562091503268,0.07594448281149876
124,SlidingWindow,0.3,,Euclidian,40,True,1.0,GenFirst,0.5039304989672637,0.028605522113263743,0.0050611153552330024,0.043676039339784124,0.9870778867102397,0.09967348071172082
125,SlidingWindow,0.3,,Euclidian,40,True,1.0,ImpFirst,0.506362027134086,0.03820446619172654,0.0015597147950089127,0.022222515138463687,0.9857162309368191,0.08277063047870065
126,SlidingWindow,0.5,,Euclidian,40,False,0.0,Random,0.6082584422657952,0.15058771454533215,0.6608251633986928,0.31491140776542986,0.12265795206971676,0.07135683255126206
127,SlidingWindow,0.5,,Euclidian,40,False,0.0,GenFirst,0.6298406862745098,0.15963591006086975,0.6145697167755991,0.33090869628943426,0.12574891067538127,0.07644214116520161
128,SlidingWindow,0.5,,Euclidian,40,False,0.0,ImpFirst,0.6915236928104574,0.16811386139465162,0.4950435729847495,0.34202408096156645,0.1219090413943355,0.07167084832221757
129,SlidingWindow,0.5,,Euclidian,40,False,0.5,Random,0.6567470043572985,0.13559028440128207,0.5608251633986927,0.2872721670899766,0.12568082788671023,0.07509519121932776
130,SlidingWindow,0.5,,Euclidian,40,False,0.5,GenFirst,0.6795955882352941,0.14763475083578434,0.5131263616557733,0.30540156469798047,0.12768246187363835,0.07496841297135035
131,SlidingWindow,0.5,,Euclidian,40,False,0.5,ImpFirst,0.7032271241830066,0.1362266169015489,0.46685729847494556,0.27864387304034166,0.1266884531590414,0.07565542793571049
132,SlidingWindow,0.5,,Euclidian,40,False,1.0,Random,0.6308619281045751,0.15921615960080865,0.6133442265795206,0.325710319794559,0.12493191721132897,0.07078041656483229
133,SlidingWindow,0.5,,Euclidian,40,False,1.0,GenFirst,0.6395424836601308,0.16856570666321902,0.5946895424836601,0.3397993286011625,0.12622549019607843,0.07434258950202409
134,SlidingWindow,0.5,,Euclidian,40,False,1.0,ImpFirst,0.7113221677559912,0.16569919046064888,0.45042211328976034,0.33680485587239983,0.12693355119825708,0.0764962992284179
135,SlidingWindow,0.5,,Euclidian,40,True,0.0,Random,0.5095928649237473,0.05881113569899969,0.00494281045751634,0.06984174842483647,0.9758714596949891,0.13633406242877846
136,SlidingWindow,0.5,,Euclidian,40,True,0.0,GenFirst,0.5068967864923747,0.03539580313270926,0.0015931372549019605,0.012060942396991736,0.9846132897603485,0.07973359059082011
137,SlidingWindow,0.5,,Euclidian,40,True,0.0,ImpFirst,0.5020901416122004,0.014114117121172713,0.000980392156862745,0.013968438087034324,0.9948393246187364,0.03230583060825398
138,SlidingWindow,0.5,,Euclidian,40,True,0.5,Random,0.5036492374727669,0.020317154414908948,0.0060457516339869274,0.07094342097169798,0.9866557734204793,0.08297949499217333
139,SlidingWindow,0.5,,Euclidian,40,True,0.5,GenFirst,0.5028867102396514,0.017540399164629992,1.3616557734204794e-05,0.00019400608454214324,0.994212962962963,0.035114657772366616
140,SlidingWindow,0.5,,Euclidian,40,True,0.5,ImpFirst,0.5057734204793028,0.040965064871894386,0.004016884531590414,0.05703716309928049,0.9844362745098039,0.10157409857058632
141,SlidingWindow,0.5,,Euclidian,40,True,1.0,Random,0.5025803376906317,0.01841051638041667,0.004861111111111111,0.06906548287908183,0.9899782135076254,0.07777452613684707
142,SlidingWindow,0.5,,Euclidian,40,True,1.0,GenFirst,0.5040509259259259,0.03314323507835787,0.004724945533769063,0.06712542990880012,0.987173202614379,0.09379183414041568
143,SlidingWindow,0.5,,Euclidian,40,True,1.0,ImpFirst,0.5012050653594772,0.006614883245040866,6.808278867102396e-05,0.0009700304227107165,0.9975217864923747,0.013811915586037246
144,SlidingWindow,0.7,,Euclidian,40,False,0.0,Random,0.5834941515342729,0.10142299735283411,0.7102175792843956,0.22500133950149762,0.1227941176470588,0.06968187975556761
145,SlidingWindow,0.7,,Euclidian,40,False,0.0,GenFirst,0.5890413732371508,0.10614887301236936,0.6964406740050012,0.2348881130191013,0.12547657952069716,0.07310788939413533
146,SlidingWindow,0.7,,Euclidian,40,False,0.0,ImpFirst,0.7409901720587587,0.1327040003937355,0.3946808759260558,0.269209310669781,0.12333877995642702,0.0706381712759682
147,SlidingWindow,0.7,,Euclidian,40,False,0.5,Random,0.6176795097260199,0.11131789853325962,0.641560915188483,0.23476258624244944,0.12308006535947713,0.07488784282025492
148,SlidingWindow,0.7,,Euclidian,40,False,0.5,GenFirst,0.6275160363774697,0.13050277473088787,0.6194641146088948,0.27394180904008203,0.12550381263616556,0.07662650931174582
149,SlidingWindow,0.7,,Euclidian,40,False,0.5,ImpFirst,0.7084944517801824,0.13934086784846186,0.4580791792283064,0.2817515624131518,0.12493191721132896,0.07662073092880803
150,SlidingWindow,0.7,,Euclidian,40,False,1.0,Random,0.6324426092116094,0.1109397735098029,0.6075276356072823,0.24033745151416444,0.1275871459694989,0.07588665339190889
151,SlidingWindow,0.7,,Euclidian,40,False,1.0,GenFirst,0.6373902398331867,0.12011142882880313,0.5994297599850429,0.25338398026182213,0.12578976034858388,0.07291167630083678
152,SlidingWindow,0.7,,Euclidian,40,False,1.0,ImpFirst,0.7243151147361342,0.1332385113059951,0.42675103414428944,0.27594458483252154,0.12461873638344226,0.07481826526772868
153,SlidingWindow,0.7,,Euclidian,40,True,0.0,Random,0.5037073228841266,0.025080888171732745,0.010259646170744817,0.08919227260290225,0.9823257080610022,0.11640817744590748
154,SlidingWindow,0.7,,Euclidian,40,True,0.0,GenFirst,0.5024001414563971,0.017264685705944652,0.0037100656710836897,0.0374166268419328,0.9914896514161219,0.06936001718865187
155,SlidingWindow,0.7,,Euclidian,40,True,0.0,ImpFirst,0.5089905229407351,0.052257044313650775,0.0103005445324733,0.0853604402167464,0.9717184095860566,0.1518986253140399
156,SlidingWindow,0.7,,Euclidian,40,True,0.5,Random,0.5094647816416993,0.05179979121640928,0.001127626259085279,0.009592830981984157,0.9799428104575163,0.10702895281866417
157,SlidingWindow,0.7,,Euclidian,40,True,0.5,GenFirst,0.5055396181780883,0.04077924921124375,0.005532964079553157,0.06634936381582422,0.9833877995642701,0.10741467116723465
158,SlidingWindow,0.7,,Euclidian,40,True,0.5,ImpFirst,0.5042527479804,0.02590556266318927,0.0024422164575007596,0.029069315852670335,0.9890522875816993,0.07613899860558919
159,SlidingWindow,0.7,,Euclidian,40,True,1.0,Random,0.5037207933762832,0.021190664772005707,0.005603075556801982,0.06921099886540265,0.9869553376906319,0.08182068422430783
160,SlidingWindow,0.7,,Euclidian,40,True,1.0,GenFirst,0.5024529117036829,0.01995143036361531,2.337049241627521e-05,0.0003329782619078502,0.9950708061002178,0.040177466672016486
161,SlidingWindow,0.7,,Euclidian,40,True,1.0,ImpFirst,0.5027278476945009,0.025077248291082956,0.0005492065717824674,0.007576303096753439,0.9939950980392157,0.05715748109229532
162,False,0.3,5.0,Euclidian,40,False,0.0,SeriesAttack,0.5940519515887163,0.19844277644819017,0.5121275783040489,0.3472122816266765,0.29976851851851855,0.24036061067757114
163,False,0.3,5.0,Euclidian,40,False,0.5,SeriesAttack,0.6157733674277791,0.16185090523145854,0.45741023682200155,0.29167477278978,0.31104302832244,0.24953273306503643
164,False,0.3,5.0,Euclidian,40,False,1.0,SeriesAttack,0.6218867597544068,0.18028389172604875,0.43582887700534756,0.3283945295465647,0.3203976034858388,0.2387878501107455
165,False,0.3,5.0,Euclidian,40,True,0.0,SeriesAttack,0.5026941332088392,0.024411117364585,0.0070028011204481795,0.07081937051165878,0.9876089324618736,0.0879556569336829
166,False,0.3,5.0,Euclidian,40,True,0.5,SeriesAttack,0.5036063541578248,0.023952972842975883,0.00219633307868602,0.030840509362895844,0.9905909586056643,0.07303837670451128
167,False,0.3,5.0,Euclidian,40,True,1.0,SeriesAttack,0.5067786584330701,0.044055484242972495,0.00012732365673542146,0.0014320374177746369,0.9863153594771241,0.08884119624062536
168,False,0.5,5.0,Euclidian,40,False,0.0,SeriesAttack,0.6000544662309367,0.19531066021342422,0.49573801742919393,0.33776952038817676,0.30415305010893245,0.23434371473581747
169,False,0.5,5.0,Euclidian,40,False,0.5,SeriesAttack,0.6095520152505447,0.168251079572247,0.46489651416121996,0.27546869491547005,0.31599945533769064,0.24715759099791013
170,False,0.5,5.0,Euclidian,40,False,1.0,SeriesAttack,0.6192470043572985,0.17145504545878068,0.45330882352941176,0.33480992984573693,0.30819716775599126,0.24945667704495308
171,False,0.5,5.0,Euclidian,40,True,0.0,SeriesAttack,0.5043096405228759,0.03510260574282393,0.0023420479302832245,0.02385017730969368,0.989038671023965,0.07633673374581469
172,False,0.5,5.0,Euclidian,40,True,0.5,SeriesAttack,0.5030296840958605,0.019044549865148953,0.00021786492374727666,0.002339830231373702,0.9937227668845316,0.0389594512304499
173,False,0.5,5.0,Euclidian,40,True,1.0,SeriesAttack,0.5065427559912854,0.044275398518786334,0.0037037037037037034,0.046294117595794076,0.9832107843137254,0.1038072235142143
174,False,0.7,5.0,Euclidian,40,False,0.0,SeriesAttack,0.6520584778408781,0.15521850889740582,0.4045023253639955,0.26594803538701234,0.29138071895424833,0.24435985537516164
175,False,0.7,5.0,Euclidian,40,False,0.5,SeriesAttack,0.6133790632197788,0.16085064622441117,0.4610822875037977,0.2783104526200218,0.3121595860566449,0.24789493920175676
176,False,0.7,5.0,Euclidian,40,False,1.0,SeriesAttack,0.6335786585856696,0.14556114359402703,0.4293568440487041,0.26673696819265363,0.30348583877995644,0.25048071256896326
177,False,0.7,5.0,Euclidian,40,True,0.0,SeriesAttack,0.5089468006445063,0.056539728487573535,0.0004206688634929538,0.004820302157242829,0.9816857298474946,0.11463126685922682
178,False,0.7,5.0,Euclidian,40,True,0.5,SeriesAttack,0.5030837364743275,0.024462829331379957,0.0006952721493841876,0.007754767744151132,0.9931372549019608,0.05597770693589257
179,False,0.7,5.0,Euclidian,40,True,1.0,SeriesAttack,0.503189901804981,0.020985735020112445,0.008612026455397414,0.08612302885516786,0.9850081699346405,0.10405074127408438
180,GrowingWindow,0.3,5.0,Euclidian,40,False,0.0,SeriesAttack,0.6319127019494667,0.16173791056598047,0.6151642475171887,0.33608230852908794,0.12101034858387799,0.07372795931266564
181,GrowingWindow,0.3,5.0,Euclidian,40,False,0.5,SeriesAttack,0.6857701666525196,0.14291142510750465,0.5079258976317799,0.30348096883760683,0.12053376906318082,0.0793193181617935
182,GrowingWindow,0.3,5.0,Euclidian,40,False,1.0,SeriesAttack,0.6647109222476869,0.16561740436420733,0.5533804430863253,0.3413060106815876,0.11719771241830064,0.07280422238770343
183,GrowingWindow,0.3,5.0,Euclidian,40,True,0.0,SeriesAttack,0.5056489262371615,0.04358739707277995,0.0021008403361344537,0.02993236732935926,0.9866013071895425,0.09035748263349742
184,GrowingWindow,0.3,5.0,Euclidian,40,True,0.5,SeriesAttack,0.505301261918909,0.038033789352508014,0.009931245225362874,0.09124137081998678,0.9794662309368192,0.12278333324630539
185,GrowingWindow,0.3,5.0,Euclidian,40,True,1.0,SeriesAttack,0.5072145651189769,0.0488870756521148,0.002387318563789152,0.033561363292949294,0.9831835511982572,0.11132067771935879
186,GrowingWindow,0.5,5.0,Euclidian,40,False,0.0,SeriesAttack,0.6045343137254902,0.1438382735069109,0.670874183006536,0.3043641953124433,0.12005718954248366,0.07478411232702392
187,GrowingWindow,0.5,5.0,Euclidian,40,False,0.5,SeriesAttack,0.6439270152505446,0.12870859012848845,0.595615468409586,0.2752319163244575,0.11653050108932464,0.07248243454830669
188,GrowingWindow,0.5,5.0,Euclidian,40,False,1.0,SeriesAttack,0.6269539760348584,0.15498343567029943,0.6257897603485838,0.32117624664741495,0.12030228758169934,0.07836292302335683
189,GrowingWindow,0.5,5.0,Euclidian,40,True,0.0,SeriesAttack,0.5033973311546841,0.03241728863267054,0.004956427015250544,0.06965016093410259,0.9882489106753812,0.09401216502142679
190,GrowingWindow,0.5,5.0,Euclidian,40,True,0.5,SeriesAttack,0.5015386710239652,0.012862256943022959,0.0017429193899782137,0.024832778821394338,0.9951797385620914,0.03922768403069962
191,GrowingWindow,0.5,5.0,Euclidian,40,True,1.0,SeriesAttack,0.5042007080610023,0.032294906286030024,5.446623093681918e-05,0.0007760243381685734,0.9915441176470589,0.06473713529285675
192,GrowingWindow,0.7,5.0,Euclidian,40,False,0.0,SeriesAttack,0.5928463247303953,0.10663140298907564,0.6979130150272266,0.2350089922477126,0.11639433551198257,0.07307452287794633
193,GrowingWindow,0.7,5.0,Euclidian,40,False,0.5,SeriesAttack,0.6200363102796408,0.11429425646946711,0.641286311902592,0.24029221973378703,0.11864106753812635,0.07205337232595042
194,GrowingWindow,0.7,5.0,Euclidian,40,False,1.0,SeriesAttack,0.6275179433447331,0.1071893756199016,0.6244303442473532,0.2391024807668835,0.12053376906318082,0.09485338294145504
195,GrowingWindow,0.7,5.0,Euclidian,40,True,0.0,SeriesAttack,0.5069621751826144,0.045793488577680765,0.002892098436514057,0.02988091506595026,0.9831835511982572,0.09568588615654243
196,GrowingWindow,0.7,5.0,Euclidian,40,True,0.5,SeriesAttack,0.5072447877310108,0.044890771424664945,0.008495173993316039,0.07377680890688411,0.9770152505446623,0.133045177493316
197,GrowingWindow,0.7,5.0,Euclidian,40,True,1.0,SeriesAttack,0.50359477124183,0.03549619575887554,0.004901960784313725,0.06984219043517159,0.9879084967320262,0.09923389293768695
198,SlidingWindow,0.3,5.0,Euclidian,40,False,0.0,SeriesAttack,0.6508242438389497,0.1657890506287544,0.573051948051948,0.34738154968856494,0.1252995642701525,0.07581898407692786
199,SlidingWindow,0.3,5.0,Euclidian,40,False,0.5,SeriesAttack,0.7027599170981526,0.14918368656830472,0.4702699261522791,0.31299519682533816,0.1242102396514161,0.07702952542175774
200,SlidingWindow,0.3,5.0,Euclidian,40,False,1.0,SeriesAttack,0.681035318167671,0.17322880713859515,0.5137191240132417,0.3548420013120256,0.12421023965141612,0.07227339967693813
201,SlidingWindow,0.3,5.0,Euclidian,40,True,0.0,SeriesAttack,0.5038409303115184,0.025498597440776937,0.0037560478736949326,0.04513453025121298,0.988562091503268,0.07860620718597833
202,SlidingWindow,0.3,5.0,Euclidian,40,True,0.5,SeriesAttack,0.5033218211527035,0.019901802600385755,0.0031194295900178253,0.04444503027692737,0.9902369281045751,0.07100505581471607
203,SlidingWindow,0.3,5.0,Euclidian,40,True,1.0,SeriesAttack,0.503106431966726,0.03113204459779316,0.00044563279857397507,0.0063492900395610554,0.9933415032679739,0.06848101807379409
204,SlidingWindow,0.5,5.0,Euclidian,40,False,0.0,SeriesAttack,0.6078431372549019,0.1502460494922492,0.6625680827886711,0.315956787399295,0.12174564270152506,0.07065582737067874
205,SlidingWindow,0.5,5.0,Euclidian,40,False,0.5,SeriesAttack,0.6545751633986929,0.13473409593186061,0.5652369281045752,0.28187333127952646,0.1256127450980392,0.07544577077610531
206,SlidingWindow,0.5,5.0,Euclidian,40,False,1.0,SeriesAttack,0.630317265795207,0.16263410253149677,0.6131263616557735,0.3332501840879885,0.1262391067538126,0.07539946643179865
207,SlidingWindow,0.5,5.0,Euclidian,40,True,0.0,SeriesAttack,0.5062976579520697,0.03294939904709827,0.004806644880174292,0.06203505698579398,0.9825980392156862,0.09516054487763448
208,SlidingWindow,0.5,5.0,Euclidian,40,True,0.5,SeriesAttack,0.5070874183006536,0.04907428329029972,4.0849673202614376e-05,0.00058201825362643,0.98578431372549,0.09851482312863472
209,SlidingWindow,0.5,5.0,Euclidian,40,True,1.0,SeriesAttack,0.5027369281045752,0.02556879562118066,0.004670479302832244,0.06654408699795517,0.9898556644880173,0.08576302926978861
210,SlidingWindow,0.7,5.0,Euclidian,40,False,0.0,SeriesAttack,0.5807602583478101,0.09802301482695877,0.7116548645679965,0.21476131882155214,0.12682461873638345,0.0733648252779196
211,SlidingWindow,0.7,5.0,Euclidian,40,False,0.5,SeriesAttack,0.6221855191884726,0.1154682537111679,0.6286545607515951,0.24650520149715704,0.12697440087145967,0.07240684052660566
212,SlidingWindow,0.7,5.0,Euclidian,40,False,1.0,SeriesAttack,0.6325980797894579,0.11134420166717544,0.6094089602467924,0.24311472939967502,0.12539488017429193,0.07492857423843018
213,SlidingWindow,0.7,5.0,Euclidian,40,True,0.0,SeriesAttack,0.5045779467594216,0.03616657622649969,0.003493888616233144,0.04978025015522362,0.9873502178649236,0.09775654734889794
214,SlidingWindow,0.7,5.0,Euclidian,40,True,0.5,SeriesAttack,0.504359968229114,0.03474839806553277,0.006952721493841876,0.07056471924875604,0.9843273420479303,0.1047579221197364
215,SlidingWindow,0.7,5.0,Euclidian,40,True,1.0,SeriesAttack,0.5087004448183724,0.055623867483129585,0.0058017247423403214,0.05271366844803221,0.976797385620915,0.13170135677495967
216,False,0.3,,M2005,40,False,0.0,Random,0.7058976494638259,0.20407269694685698,0.270244461420932,0.3210300123553268,0.31796023965141607,0.2638022131335647
217,False,0.3,,M2005,40,False,0.0,GenFirst,0.7022414268737799,0.20514459505907587,0.2777883880825058,0.33021473679539765,0.3177287581699347,0.2627013020829564
218,False,0.3,,M2005,40,False,0.0,ImpFirst,0.701309046345811,0.20378005868726554,0.27005347593582885,0.3192147799062496,0.32732843137254897,0.26101401437194155
219,False,0.3,,M2005,40,False,0.5,Random,0.7204733787454376,0.17154429883350097,0.23433919022154315,0.24059004360425526,0.3247140522875817,0.2598466956625302
220,False,0.3,,M2005,40,False,0.5,GenFirst,0.7214074392383216,0.1720419523930258,0.22800483829895593,0.24397349618966166,0.32918028322440085,0.2702907807247146
221,False,0.3,,M2005,40,False,0.5,ImpFirst,0.7203761176187647,0.1718982419206887,0.23644003055767762,0.23615435678968644,0.3228077342047929,0.26573528003751923
222,False,0.3,,M2005,40,False,1.0,Random,0.7384750870044987,0.179532624807115,0.20180799592564302,0.28141909789919856,0.32124183006535945,0.26823015667127653
223,False,0.3,,M2005,40,False,1.0,GenFirst,0.7347865029850326,0.18067785176485057,0.2001846193022664,0.2743266320057337,0.3302423747276689,0.26320519784646584
224,False,0.3,,M2005,40,False,1.0,ImpFirst,0.7428938368276603,0.17583214158021937,0.1844601476954418,0.2496666819118807,0.3297521786492374,0.259003477563901
225,False,0.3,,M2005,40,True,0.0,Random,0.7046074364089071,0.2061933477233161,0.25926279602750185,0.30748544971121305,0.3315223311546841,0.2562387477688218
226,False,0.3,,M2005,40,True,0.0,GenFirst,0.7053156742494978,0.20495472986599178,0.2688757321110262,0.308274059029652,0.32049291938997815,0.25682863611361884
227,False,0.3,,M2005,40,True,0.0,ImpFirst,0.7007800342359167,0.20270956338325133,0.2850140056022409,0.3279405542863261,0.31342592592592594,0.2550490455458039
228,False,0.3,,M2005,40,True,0.5,Random,0.7210268829754124,0.17191625479982692,0.24194677871148462,0.24904333740932674,0.3159994553376906,0.25661170753806267
229,False,0.3,,M2005,40,True,0.5,GenFirst,0.7281892807628102,0.1732269191405347,0.22469442322383498,0.233596778052377,0.3189270152505447,0.25873952838248526
230,False,0.3,,M2005,40,True,0.5,ImpFirst,0.7214089423648247,0.1742361630634878,0.23863636363636367,0.25374260562445483,0.3185457516339869,0.2504103270750224
231,False,0.3,,M2005,40,True,1.0,Random,0.7438597282347282,0.1797308978726496,0.18541507512095748,0.25618605594048227,0.3268654684095861,0.25363677956616887
232,False,0.3,,M2005,40,True,1.0,GenFirst,0.7418769275386923,0.17902242560500742,0.18713394448688567,0.257094482952743,0.3291122004357298,0.2530362795128816
233,False,0.3,,M2005,40,True,1.0,ImpFirst,0.7464764946382593,0.1782900640366761,0.18528775146422208,0.25450899246541003,0.32175925925925924,0.2549372028293003
234,False,0.5,,M2005,40,False,0.0,Random,0.7217660675381263,0.18548912103157003,0.2402233115468409,0.27663359953019745,0.3162445533769063,0.2510750825802946
235,False,0.5,,M2005,40,False,0.0,GenFirst,0.7218954248366012,0.18550685330330957,0.2372821350762527,0.25654629290761577,0.3189270152505447,0.2644110275269814
236,False,0.5,,M2005,40,False,0.0,ImpFirst,0.7232638888888889,0.18085540111166823,0.22446895424836605,0.26432794744892507,0.32900326797385626,0.2639032427954378
237,False,0.5,,M2005,40,False,0.5,Random,0.7254697712418301,0.17309306318859125,0.23114106753812633,0.24263057588666295,0.3179193899782135,0.2600521239192115
238,False,0.5,,M2005,40,False,0.5,GenFirst,0.725,0.1779556083112071,0.22474128540305008,0.25762394917546333,0.3252587145969499,0.2587411589821653
239,False,0.5,,M2005,40,False,0.5,ImpFirst,0.7260484749455337,0.17535123960264581,0.21846405228758167,0.23093573369868628,0.3294389978213507,0.2551534797003711
240,False,0.5,,M2005,40,False,1.0,Random,0.740087145969499,0.17826364400452416,0.19541122004357298,0.26773726751762567,0.3244144880174293,0.26518358126069463
241,False,0.5,,M2005,40,False,1.0,GenFirst,0.7383986928104574,0.17914103056054242,0.1963099128540305,0.25526270541087503,0.32689270152505445,0.2621736690167806
242,False,0.5,,M2005,40,False,1.0,ImpFirst,0.7446010348583878,0.17733592473854484,0.18706427015250546,0.24821500104390934,0.3237336601307189,0.2548144954000437
243,False,0.5,,M2005,40,True,0.0,Random,0.7183278867102396,0.17925937663335273,0.22739651416122003,0.2544426544303487,0.3359477124183006,0.2610901997401642
244,False,0.5,,M2005,40,True,0.0,GenFirst,0.7205814270152506,0.18253555215731768,0.24015522875816997,0.27597663629126157,0.31868191721132905,0.2615245408388237
245,False,0.5,,M2005,40,True,0.0,ImpFirst,0.7233115468409586,0.18005026365859164,0.23609749455337692,0.2611696988385116,0.31727941176470587,0.24705609592511968
246,False,0.5,,M2005,40,True,0.5,Random,0.7245438453159041,0.17503995341965078,0.2315904139433551,0.2511833292051571,0.3193218954248365,0.25867327492211983
247,False,0.5,,M2005,40,True,0.5,GenFirst,0.7222903050108933,0.17429661803104557,0.22706971677559915,0.24697522185142734,0.3283496732026144,0.25819474057629155
248,False,0.5,,M2005,40,True,0.5,ImpFirst,0.7269131263616557,0.1760401945219358,0.21834150326797389,0.2338038328641901,0.32783224400871463,0.26538390307606313
249,False,0.5,,M2005,40,True,1.0,Random,0.7403730936819172,0.17595861264009707,0.19069989106753812,0.23998427497803826,0.3285539215686275,0.26189889169221936
250,False,0.5,,M2005,40,True,1.0,GenFirst,0.7374046840958605,0.17636891964526857,0.21505991285403048,0.2588978582097838,0.3101307189542484,0.25984100049187187
251,False,0.5,,M2005,40,True,1.0,ImpFirst,0.7358251633986927,0.18014836335296538,0.1982979302832244,0.26476808639277133,0.33005174291938993,0.256420540579475
252,False,0.7,,M2005,40,False,0.0,Random,0.7553172820247156,0.15698788679787162,0.1682733880202856,0.1954193890028669,0.32109204793028323,0.2625093823172673
253,False,0.7,,M2005,40,False,0.0,GenFirst,0.7572916260928951,0.1561616103757127,0.16510084367477626,0.18219064619221031,0.32031590413943356,0.2625352221277848
254,False,0.7,,M2005,40,False,0.0,ImpFirst,0.7550451375093806,0.15943065514898255,0.16959382084180516,0.19769163105037066,0.3203159041394336,0.2598424076169996
255,False,0.7,,M2005,40,False,0.5,Random,0.7373652058161365,0.1668606790840638,0.2019444249690341,0.21806431220315542,0.32332516339869277,0.25242371165239796
256,False,0.7,,M2005,40,False,0.5,GenFirst,0.7361864241458733,0.1716553368878433,0.21334338264507235,0.23702375666942088,0.3142837690631808,0.26524768258343695
257,False,0.7,,M2005,40,False,0.5,ImpFirst,0.7343427925401388,0.16619981355772176,0.2060693168805067,0.2229461411350233,0.32524509803921564,0.2651586533286451
258,False,0.7,,M2005,40,False,1.0,Random,0.7571822067457626,0.14450482131910117,0.15611488934071843,0.16793911370943168,0.32952069716775595,0.2650627262468468
259,False,0.7,,M2005,40,False,1.0,GenFirst,0.7505869645235924,0.14149650113018283,0.17076234546261893,0.18588230056447694,0.3280637254901961,0.2626194122576795
260,False,0.7,,M2005,40,False,1.0,ImpFirst,0.7473692615703413,0.1421256155283778,0.16473860104232396,0.18151091980404663,0.3405228758169935,0.26215686987418574
261,False,0.7,,M2005,40,True,0.0,Random,0.7566593487812288,0.1569478770152167,0.17013718479048354,0.19517503686017915,0.31654411764705886,0.2571488031272638
262,False,0.7,,M2005,40,True,0.0,GenFirst,0.7584178728437474,0.15768616577251904,0.16843113884409547,0.18468398587505355,0.31473311546840954,0.26685958016616046
263,False,0.7,,M2005,40,True,0.0,ImpFirst,0.7552137377597046,0.15714258701027323,0.16248919114725746,0.18710607749273497,0.3270833333333333,0.2594279706565365
264,False,0.7,,M2005,40,True,0.5,Random,0.736036536518991,0.1673020071508702,0.22005655659164738,0.23635368671877668,0.30787037037037035,0.2598076453992912
265,False,0.7,,M2005,40,True,0.5,GenFirst,0.7353153296148283,0.16577186032221505,0.20782794643483138,0.21248769690730612,0.32154139433551193,0.25052850100618274
266,False,0.7,,M2005,40,True,0.5,ImpFirst,0.7312883178698575,0.16757141011139928,0.21013578256093854,0.24044045966708003,0.32728758169934646,0.2617757127934268
267,False,0.7,,M2005,40,True,1.0,Random,0.754429122165354,0.14573215476041726,0.16691789946014166,0.17643869843167875,0.3242238562091504,0.26869203179365
268,False,0.7,,M2005,40,True,1.0,GenFirst,0.7549456506215253,0.14553708251895656,0.15372525649115426,0.1676457528586655,0.33638344226579525,0.26559889420718447
269,False,0.7,,M2005,40,True,1.0,ImpFirst,0.7530776909823658,0.14429852382472877,0.17425039145574797,0.19296637020355104,0.3195942265795207,0.26063180342719294
270,GrowingWindow,0.3,,M2005,40,False,0.0,Random,0.7550846348640465,0.1702707987416608,0.3811433664374841,0.34266954139321754,0.10868736383442264,0.1480712822627498
271,GrowingWindow,0.3,,M2005,40,False,0.0,GenFirst,0.7725457480972188,0.17501965807142877,0.3466704863763687,0.34975411485603547,0.1082380174291939,0.1456911018986512
272,GrowingWindow,0.3,,M2005,40,False,0.0,ImpFirst,0.8020339954163485,0.1690490586778033,0.27632416603004833,0.32141037483981183,0.1196078431372549,0.163811705695138
273,GrowingWindow,0.3,,M2005,40,False,0.5,Random,0.7979071173924115,0.1328793109110863,0.2897249809014515,0.26160529189551257,0.1144607843137255,0.1521276712039441
274,GrowingWindow,0.3,,M2005,40,False,0.5,GenFirst,0.804587630506748,0.13797726309973712,0.2880061115355233,0.27387101029481015,0.1028186274509804,0.133740492940987
275,GrowingWindow,0.3,,M2005,40,False,0.5,ImpFirst,0.8223946396740515,0.13390210399994382,0.2427107206518971,0.24858840060237686,0.1125,0.15613379241957306
276,GrowingWindow,0.3,,M2005,40,False,1.0,Random,0.8113430346886229,0.15706636326421583,0.2691303794244971,0.30464180310888805,0.10818355119825707,0.14173932399025746
277,GrowingWindow,0.3,,M2005,40,False,1.0,GenFirst,0.815505015137368,0.1625116055119558,0.257034632034632,0.31393147574601005,0.1119553376906318,0.1483398248804377
278,GrowingWindow,0.3,,M2005,40,False,1.0,ImpFirst,0.8482412535721359,0.14639460665587778,0.19356378915202446,0.26727653277126523,0.10995370370370369,0.1515323049139772
279,GrowingWindow,0.3,,M2005,40,True,0.0,Random,0.7642136526327702,0.16844119842034477,0.3673924115100586,0.34261784071008744,0.10418028322440087,0.13817969741796587
280,GrowingWindow,0.3,,M2005,40,True,0.0,GenFirst,0.7807957905384376,0.17172600638104152,0.32633053221288516,0.3377103086755765,0.11207788671023965,0.15042658633704178
281,GrowingWindow,0.3,,M2005,40,True,0.0,ImpFirst,0.8059882791500439,0.17139694882131987,0.28265851795263564,0.3275107989272335,0.10536492374727667,0.12735422828466594
282,GrowingWindow,0.3,,M2005,40,True,0.5,Random,0.8010855225928756,0.13656938729864057,0.2933218742042271,0.26430410639966706,0.10450708061002179,0.14403824865801684
283,GrowingWindow,0.3,,M2005,40,True,0.5,GenFirst,0.8057079902668138,0.13911603164281316,0.28389992360580596,0.27253738581915904,0.10468409586056644,0.14001800316957383
284,GrowingWindow,0.3,,M2005,40,True,0.5,ImpFirst,0.8228360283507342,0.1383671009587294,0.23905016552075375,0.2555448516001549,0.11527777777777777,0.16661434817903198
285,GrowingWindow,0.3,,M2005,40,True,1.0,Random,0.8164084825849532,0.1527376936587134,0.2518780239368475,0.2904090921754485,0.11530501089324618,0.15256434145240724
286,GrowingWindow,0.3,,M2005,40,True,1.0,GenFirst,0.8138581190051778,0.15907137302295665,0.2611726508785333,0.3144437878680881,0.11111111111111112,0.14341877551653012
287,GrowingWindow,0.3,,M2005,40,True,1.0,ImpFirst,0.8505486411736412,0.1441837747255942,0.19423223834988543,0.2601014533147975,0.10467047930283223,0.14147835122689326
288,GrowingWindow,0.5,,M2005,40,False,0.0,Random,0.7828022875816993,0.15008376182934266,0.33348311546840964,0.2959099984829911,0.1009123093681917,0.13884571702367732
289,GrowingWindow,0.5,,M2005,40,False,0.0,GenFirst,0.7811342592592593,0.15139699562469067,0.3215005446623094,0.30498481247183984,0.1162309368191721,0.1554401343392907
290,GrowingWindow,0.5,,M2005,40,False,0.0,ImpFirst,0.8257080610021788,0.14657842714871316,0.23662854030501088,0.2729362191746919,0.1119553376906318,0.14700717492523088
291,GrowingWindow,0.5,,M2005,40,False,0.5,Random,0.7968001089324619,0.13653081123273259,0.2913126361655774,0.2486702627895713,0.1150871459694989,0.16392973799657287
292,GrowingWindow,0.5,,M2005,40,False,0.5,GenFirst,0.7974537037037036,0.13991074031534476,0.3020288671023965,0.27360732136658505,0.10306372549019607,0.13112170941827644
293,GrowingWindow,0.5,,M2005,40,False,0.5,ImpFirst,0.8298883442265795,0.13947679634410706,0.23683278867102395,0.2590643157914245,0.103390522875817,0.1410690910099924
294,GrowingWindow,0.5,,M2005,40,False,1.0,Random,0.8077478213507624,0.15098077100812454,0.2808278867102396,0.28937082982746437,0.10367647058823529,0.13888271324217044
295,GrowingWindow,0.5,,M2005,40,False,1.0,GenFirst,0.8057053376906318,0.16123418910684284,0.28627450980392155,0.306453504191733,0.1023148148148148,0.12875448638420472
296,GrowingWindow,0.5,,M2005,40,False,1.0,ImpFirst,0.8411560457516338,0.14800461839159013,0.19885620915032678,0.2652403054843092,0.11883169934640521,0.16917357916766326
297,GrowingWindow,0.5,,M2005,40,True,0.0,Random,0.7906522331154684,0.1465048398772399,0.3005038126361656,0.28092607824030136,0.1181917211328976,0.15614754082022245
298,GrowingWindow,0.5,,M2005,40,True,0.0,GenFirst,0.7891339869281047,0.15309816274939173,0.31203703703703706,0.30392422848103223,0.1096949891067538,0.13567732725309464
299,GrowingWindow,0.5,,M2005,40,True,0.0,ImpFirst,0.8276484204793028,0.14160735649159542,0.2326797385620915,0.25996500090027697,0.11202342047930282,0.14976265656173482
300,GrowingWindow,0.5,,M2005,40,True,0.5,Random,0.7932529956427016,0.13461650774586598,0.3098583877995643,0.26395957872447534,0.10363562091503267,0.1379767904945381
301,GrowingWindow,0.5,,M2005,40,True,0.5,GenFirst,0.7981004901960784,0.13686721106834732,0.29338235294117654,0.2681823201785257,0.11041666666666666,0.13576111157025272
302,GrowingWindow,0.5,,M2005,40,True,0.5,ImpFirst,0.825735294117647,0.14219854364785003,0.2355119825708061,0.2663266394502572,0.11301742919389977,0.15388609692464125
303,GrowingWindow,0.5,,M2005,40,True,1.0,Random,0.800599128540305,0.15264688017473155,0.29022331154684095,0.29032532899872493,0.10857843137254901,0.14251083600094938
304,GrowingWindow,0.5,,M2005,40,True,1.0,GenFirst,0.7939338235294117,0.16070890378002559,0.29837962962962966,0.30307442240848387,0.11375272331154684,0.1607305142476918
305,GrowingWindow,0.5,,M2005,40,True,1.0,ImpFirst,0.844675925925926,0.14475350860984895,0.20393518518518516,0.265500296160203,0.10671296296296294,0.13463664703101957
306,GrowingWindow,0.7,,M2005,40,False,0.0,Random,0.8311540511450243,0.10922891680630395,0.2265535534833719,0.18434905215757502,0.11113834422657949,0.15429382236660463
307,GrowingWindow,0.7,,M2005,40,False,0.0,GenFirst,0.8305719798182813,0.10596732650564637,0.22894318633293603,0.19234565629873837,0.10991285403050106,0.13569503666107144
308,GrowingWindow,0.7,,M2005,40,False,0.0,ImpFirst,0.8619989544950547,0.10941329915049165,0.1685538339292809,0.1891640040623344,0.10744825708061001,0.13496391539218405
309,GrowingWindow,0.7,,M2005,40,False,0.5,Random,0.8046721184832031,0.1256847484076701,0.2799259155390404,0.23818334412757314,0.11072984749455336,0.1480844970914229
310,GrowingWindow,0.7,,M2005,40,False,0.5,GenFirst,0.7947062751070498,0.13321781045161762,0.2937846175418916,0.25143779154872514,0.11680283224400871,0.16723142217099055
311,GrowingWindow,0.7,,M2005,40,False,0.5,ImpFirst,0.8431106060488027,0.11978712823615975,0.1999988314753792,0.2031154896293183,0.11377995642701524,0.14891985905288846
312,GrowingWindow,0.7,,M2005,40,False,1.0,Random,0.8340849218776372,0.1065851555399376,0.23569725864123958,0.21118846326722282,0.09613289760348583,0.12253633437130418
313,GrowingWindow,0.7,,M2005,40,False,1.0,GenFirst,0.8241702826011877,0.11040297193561321,0.24033045876276618,0.21517565098785857,0.11132897603485838,0.14614575740190602
314,GrowingWindow,0.7,,M2005,40,False,1.0,ImpFirst,0.864492058576841,0.09899125087402166,0.15987753861973872,0.1690494371469573,0.11113834422657952,0.13996127125922828
315,GrowingWindow,0.7,,M2005,40,True,0.0,Random,0.8296034108584502,0.11596533758478524,0.23032204538549628,0.21610892757826053,0.11047113289760349,0.14084678965901065
316,GrowingWindow,0.7,,M2005,40,True,0.0,GenFirst,0.825886398957676,0.11189355224715382,0.2314379863983734,0.20048444652341985,0.11678921568627448,0.14230395698199227
317,GrowingWindow,0.7,,M2005,40,True,0.0,ImpFirst,0.8605193669972291,0.11030585794909163,0.16733272570053054,0.19023191434283684,0.11162854030501088,0.14372054990348515
318,GrowingWindow,0.7,,M2005,40,True,0.5,Random,0.802959272372702,0.12218622836389194,0.2816903877164692,0.22977759299907488,0.11239106753812636,0.1497977190348039
319,GrowingWindow,0.7,,M2005,40,True,0.5,GenFirst,0.7962778839187642,0.1307728804431802,0.2923707027507069,0.25894190282179774,0.11507352941176471,0.14971654523005673
320,GrowingWindow,0.7,,M2005,40,True,0.5,ImpFirst,0.8403382651564135,0.12892279482434565,0.21864264180046272,0.23545346406308432,0.10068082788671023,0.13609773636796926
321,GrowingWindow,0.7,,M2005,40,True,1.0,Random,0.8393352166055139,0.10297042034369261,0.21585571057982192,0.1933166966871862,0.10547385620915033,0.13530532453084804
322,GrowingWindow,0.7,,M2005,40,True,1.0,GenFirst,0.8279923562260291,0.10539669137514912,0.22610951412746266,0.19723003242796727,0.1179057734204793,0.15506365859377258
323,GrowingWindow,0.7,,M2005,40,True,1.0,ImpFirst,0.8652194976123146,0.09987348032681392,0.16163616817406343,0.1682912172091663,0.10792483660130718,0.13892749847815375
324,SlidingWindow,0.3,,M2005,40,False,0.0,Random,0.8202083863848569,0.1305999353493406,0.10141329258976318,0.17813984496113086,0.2581699346405229,0.24843611053574102
325,SlidingWindow,0.3,,M2005,40,False,0.0,GenFirst,0.8364527629233511,0.1343021102988079,0.07954545454545454,0.20580835048260798,0.24754901960784315,0.23194935095773433
326,SlidingWindow,0.3,,M2005,40,False,0.0,ImpFirst,0.7376024778598308,0.19704602783331857,0.2716768525592055,0.3202124073694243,0.25311819172113287,0.24403715080169533
327,SlidingWindow,0.3,,M2005,40,False,0.5,Random,0.827840732252497,0.11985600545845192,0.0937738731856379,0.14665973415460126,0.2505446623093682,0.24366940511790092
328,SlidingWindow,0.3,,M2005,40,False,0.5,GenFirst,0.8464295440398382,0.12910167382031515,0.0546218487394958,0.1566968886282608,0.2525190631808279,0.24498180303275782
329,SlidingWindow,0.3,,M2005,40,False,0.5,ImpFirst,0.7578125442096029,0.16905962173009634,0.22911892029539088,0.24673461231786922,0.25525599128540305,0.24000518396383105
330,SlidingWindow,0.3,,M2005,40,False,1.0,Random,0.8357286096256685,0.12260437336272702,0.08467023172905525,0.16030023100273683,0.24387254901960784,0.23465423859664727
331,SlidingWindow,0.3,,M2005,40,False,1.0,GenFirst,0.8468584656084656,0.13049009044909354,0.05707282913165266,0.171497341512031,0.2492102396514161,0.24044210490551063
332,SlidingWindow,0.3,,M2005,40,False,1.0,ImpFirst,0.7755123008799479,0.17408081981864829,0.2040679908326967,0.26692224708708845,0.2449074074074074,0.2429135387568702
333,SlidingWindow,0.3,,M2005,40,True,0.0,Random,0.8205762987012986,0.12812291754008442,0.09622485357779474,0.16611737430397217,0.2626225490196078,0.24420716930895522
334,SlidingWindow,0.3,,M2005,40,True,0.0,GenFirst,0.8379385592620886,0.13055586478982803,0.07782658517952634,0.20144084077555188,0.24629629629629626,0.23013825969404134
335,SlidingWindow,0.3,,M2005,40,True,0.0,ImpFirst,0.7358908588688001,0.20004351453253263,0.26973516679399034,0.3211325317952802,0.2584831154684096,0.24649982633763481
336,SlidingWindow,0.3,,M2005,40,True,0.5,Random,0.8296283917607447,0.11966159256974734,0.09447415329768272,0.1448161495094664,0.24626906318082792,0.2436782391303698
337,SlidingWindow,0.3,,M2005,40,True,0.5,GenFirst,0.842559700647936,0.13088342009252849,0.047778202189966895,0.15054498418404888,0.26710239651416123,0.25088313667096407
338,SlidingWindow,0.3,,M2005,40,True,0.5,ImpFirst,0.7593091276914805,0.1698737445873092,0.22555385790679908,0.2449126304895898,0.25582788671023965,0.2426326104767779
339,SlidingWindow,0.3,,M2005,40,True,1.0,Random,0.8386864089069973,0.12470586452341949,0.07161955691367454,0.13992451346024679,0.25100762527233117,0.23820225751005478
340,SlidingWindow,0.3,,M2005,40,True,1.0,GenFirst,0.8420090258325552,0.1338952264367218,0.06897759103641456,0.19226117484863547,0.24700435729847492,0.24122668179950407
341,SlidingWindow,0.3,,M2005,40,True,1.0,ImpFirst,0.774116780550604,0.17426942278941135,0.1916221033868093,0.2599951720514119,0.26014433551198257,0.24453543324893875
342,SlidingWindow,0.5,,M2005,40,False,0.0,Random,0.8191516884531589,0.12061997291120065,0.1034177559912854,0.14634508864037607,0.2582788671023965,0.23847258159507806
343,SlidingWindow,0.5,,M2005,40,False,0.0,GenFirst,0.8345043572984749,0.12857316518054365,0.0721813725490196,0.16065041890488668,0.2588099128540305,0.24818932428384138
344,SlidingWindow,0.5,,M2005,40,False,0.0,ImpFirst,0.7558415032679738,0.17861019821020205,0.24187091503267974,0.267573596848038,0.2464460784313726,0.24598961047693202
345,SlidingWindow,0.5,,M2005,40,False,0.5,Random,0.8238494008714596,0.1180946764564904,0.10370370370370369,0.13527590071155335,0.2485974945533769,0.24392468285090377
346,SlidingWindow,0.5,,M2005,40,False,0.5,GenFirst,0.83822848583878,0.12876511824518103,0.07768246187363834,0.1854140157338179,0.24586056644880172,0.24284880565429168
347,SlidingWindow,0.5,,M2005,40,False,0.5,ImpFirst,0.7540713507625272,0.16990162971140624,0.2265114379084967,0.25445740384725357,0.26534586056644877,0.24859284428052023
348,SlidingWindow,0.5,,M2005,40,False,1.0,Random,0.8296432461873637,0.127466288644321,0.08149509803921569,0.13218197026565465,0.2592184095860567,0.25393942074702014
349,SlidingWindow,0.5,,M2005,40,False,1.0,GenFirst,0.838691448801743,0.1304653827105005,0.068218954248366,0.17526977750258446,0.25439814814814815,0.24614643657613028
350,SlidingWindow,0.5,,M2005,40,False,1.0,ImpFirst,0.7748025599128541,0.1735158474324413,0.188099128540305,0.2555568513308358,0.26229575163398694,0.2560344907885612
351,SlidingWindow,0.5,,M2005,40,True,0.0,Random,0.8142565359477125,0.12717440164609567,0.11083877995642699,0.16264832243809688,0.26064814814814813,0.25376092158083063
352,SlidingWindow,0.5,,M2005,40,True,0.0,GenFirst,0.8374455337690633,0.12466532927089931,0.07060185185185186,0.1680871276242432,0.25450708061002175,0.2394555156405531
353,SlidingWindow,0.5,,M2005,40,True,0.0,ImpFirst,0.7528730936819172,0.17734074053100407,0.23296568627450984,0.2655965720167734,0.26128812636165577,0.2488622570308425
354,SlidingWindow,0.5,,M2005,40,True,0.5,Random,0.8144199346405228,0.12511758330076767,0.09527505446623093,0.1509482403697521,0.2758850762527233,0.25919444771438
355,SlidingWindow,0.5,,M2005,40,True,0.5,GenFirst,0.8497276688453158,0.12439510187592441,0.06555010893246188,0.16267913231687206,0.23499455337690633,0.23426816952964194
356,SlidingWindow,0.5,,M2005,40,True,0.5,ImpFirst,0.7552083333333334,0.1697592372272307,0.22306644880174295,0.25087531020092535,0.2665168845315904,0.24457163386042158
357,SlidingWindow,0.5,,M2005,40,True,1.0,Random,0.8366421568627451,0.12088857640188366,0.08631535947712417,0.14321079223710304,0.2404003267973856,0.23437757526554
358,SlidingWindow,0.5,,M2005,40,True,1.0,GenFirst,0.8411220043572986,0.1319986353661076,0.0636165577342048,0.17378368756106455,0.2541394335511982,0.24304948485977385
359,SlidingWindow,0.5,,M2005,40,True,1.0,ImpFirst,0.7702546296296297,0.17676341791320907,0.21323529411764705,0.2890857843741424,0.2462554466230937,0.24471386429630632
360,SlidingWindow,0.7,,M2005,40,False,0.0,Random,0.8272022550577641,0.11980489362973874,0.0894271892308771,0.11628815281876945,0.2561683006535948,0.24853762207321342
361,SlidingWindow,0.7,,M2005,40,False,0.0,GenFirst,0.8474069464893624,0.11247019805756232,0.057310290027810885,0.11509754613199027,0.24787581699346406,0.23529789999380665
362,SlidingWindow,0.7,,M2005,40,False,0.0,ImpFirst,0.791086607798993,0.14886606733600927,0.16240739442380053,0.18194123202323675,0.25541938997821356,0.2500963193327843
363,SlidingWindow,0.7,,M2005,40,False,0.5,Random,0.8164467730543415,0.12214808191550794,0.10798336020939962,0.14891963798531557,0.2591230936819172,0.2428061675602421
364,SlidingWindow,0.7,,M2005,40,False,0.5,GenFirst,0.8476541787089622,0.11655587268708795,0.07496669704830682,0.15557552523458418,0.22972494553376904,0.2288614326761611
365,SlidingWindow,0.7,,M2005,40,False,0.5,ImpFirst,0.7711067518650951,0.15940201049948924,0.21549346794736968,0.22854515682997706,0.2422930283224401,0.23479670888313556
366,SlidingWindow,0.7,,M2005,40,False,1.0,Random,0.837837776648204,0.1099423825929278,0.08449601533104303,0.11634047374982903,0.239828431372549,0.23318120476532017
367,SlidingWindow,0.7,,M2005,40,False,1.0,GenFirst,0.85113181347231,0.1195501020513637,0.0495337586762953,0.1198493123152207,0.24820261437908497,0.24358404947372098
368,SlidingWindow,0.7,,M2005,40,False,1.0,ImpFirst,0.7875915993466651,0.14101564277230527,0.16147257472714951,0.18104422195560665,0.26334422657952067,0.24721932729929927
369,SlidingWindow,0.7,,M2005,40,True,0.0,Random,0.8290052966624338,0.11790844940062714,0.09299703194746312,0.11620635413043368,0.24899237472766886,0.2485216484449127
370,SlidingWindow,0.7,,M2005,40,True,0.0,GenFirst,0.848006164291965,0.11232416341057395,0.05879431629624436,0.12532233695704487,0.2451933551198257,0.23243535804336657
371,SlidingWindow,0.7,,M2005,40,True,0.0,ImpFirst,0.7824237099488186,0.15037425004336424,0.16542218794550004,0.1871201630425875,0.26973039215686273,0.2557316841078957
372,SlidingWindow,0.7,,M2005,40,True,0.5,Random,0.8201566196270589,0.1218679280145362,0.10093131412278858,0.13461806054176725,0.2587554466230937,0.25248345056265553
373,SlidingWindow,0.7,,M2005,40,True,0.5,GenFirst,0.8386357491281509,0.12446396628170714,0.06906564771319733,0.1482718217572664,0.2536628540305011,0.2503188998205032
374,SlidingWindow,0.7,,M2005,40,True,0.5,ImpFirst,0.7676217651343412,0.15999263970986047,0.20916006450255908,0.2244756626608912,0.25559640522875815,0.23757085572082462
375,SlidingWindow,0.7,,M2005,40,True,1.0,Random,0.8376381861511655,0.11647265978670718,0.07503680852555564,0.1166638799103162,0.24968681917211333,0.24321045537667105
376,SlidingWindow,0.7,,M2005,40,True,1.0,GenFirst,0.841674262076702,0.12232959359353227,0.055867162121105894,0.13766590104759474,0.26078431372549016,0.2490153369964104
377,SlidingWindow,0.7,,M2005,40,True,1.0,ImpFirst,0.7888037164276386,0.13842965071096855,0.16596555189417841,0.18550221182079066,0.2564270152505447,0.23923000307368675
378,False,0.3,5.0,M2005,40,False,0.0,SeriesAttack,0.7009267216987806,0.20767173028012245,0.27855233002291824,0.32528553499810564,0.3195942265795207,0.26192743740828833
379,False,0.3,5.0,M2005,40,False,0.5,SeriesAttack,0.7213542108762698,0.17040700575437903,0.23892284186401835,0.24545285830131924,0.31836873638344226,0.26050290197914405
380,False,0.3,5.0,M2005,40,False,1.0,SeriesAttack,0.7402211894858953,0.18245541007732682,0.20327221797810033,0.2670179641320783,0.3162854030501089,0.25580601869130004
381,False,0.3,5.0,M2005,40,True,0.0,SeriesAttack,0.7003877182186007,0.20387616157006486,0.27734275528393176,0.32528651928090957,0.3218818082788671,0.2597129698084648
382,False,0.3,5.0,M2005,40,True,0.5,SeriesAttack,0.7204961024813966,0.17365612231496372,0.23675833969951618,0.2567937848489498,0.3222494553376906,0.26227750051383864
383,False,0.3,5.0,M2005,40,True,1.0,SeriesAttack,0.7374396096822567,0.17715739399945107,0.1975744843391902,0.27089153582719866,0.3275462962962962,0.2571206325903531
384,False,0.5,5.0,M2005,40,False,0.0,SeriesAttack,0.7140454793028321,0.18241533197327298,0.24776688453159038,0.2824221055540675,0.3241421568627451,0.26991622725084363
385,False,0.5,5.0,M2005,40,False,0.5,SeriesAttack,0.7251293572984749,0.17251909365466808,0.22446895424836596,0.23709103522766556,0.32527233115468407,0.26124536187518305
386,False,0.5,5.0,M2005,40,False,1.0,SeriesAttack,0.7383101851851853,0.18019570893410966,0.20093954248366014,0.27241331923640255,0.32244008714596945,0.2608095435201346
387,False,0.5,5.0,M2005,40,True,0.0,SeriesAttack,0.7154616013071895,0.1819640737446451,0.23933823529411766,0.26860802038570136,0.3297385620915032,0.26161056050172615
388,False,0.5,5.0,M2005,40,True,0.5,SeriesAttack,0.7252723311546839,0.1753173820805059,0.23375544662309364,0.24963240716081353,0.31569989106753815,0.25505393612733696
389,False,0.5,5.0,M2005,40,True,1.0,SeriesAttack,0.7384395424836601,0.1807949604549592,0.20501089324618738,0.2691688951119967,0.3181100217864924,0.2618600285129911
390,False,0.7,5.0,M2005,40,False,0.0,SeriesAttack,0.7558876924495133,0.15720547223525289,0.16096426651709556,0.18104738818687893,0.327260348583878,0.26525453034140994
391,False,0.7,5.0,M2005,40,False,0.5,SeriesAttack,0.7320843346940152,0.16656786886969602,0.20942882516534625,0.22774802747506964,0.3264025054466231,0.2685795275072138
392,False,0.7,5.0,M2005,40,False,1.0,SeriesAttack,0.7587181430975249,0.14406445908499804,0.17214704713828322,0.18819658252683372,0.3104166666666666,0.25626664191905585
393,False,0.7,5.0,M2005,40,True,0.0,SeriesAttack,0.7562486448360302,0.15911467036061902,0.1673093552081142,0.19885242272833437,0.3201933551198257,0.2612239427598923
394,False,0.7,5.0,M2005,40,True,0.5,SeriesAttack,0.7332350311996074,0.16368487633307952,0.21906915328705975,0.22873350632060413,0.31446078431372554,0.25734264858208883
395,False,0.7,5.0,M2005,40,True,1.0,SeriesAttack,0.7513813989706595,0.1425400104497841,0.17271378157937792,0.1879311816068878,0.3245234204793029,0.26029639525497206
396,GrowingWindow,0.3,5.0,M2005,40,False,0.0,SeriesAttack,0.7712438637070992,0.1716063797154689,0.3580977845683728,0.33637366118102136,0.09941448801742919,0.12844177438677565
397,GrowingWindow,0.3,5.0,M2005,40,False,0.5,SeriesAttack,0.80457410236822,0.13341776471388933,0.28545963840081495,0.254112741034178,0.1053921568627451,0.14003844719325417
398,GrowingWindow,0.3,5.0,M2005,40,False,1.0,SeriesAttack,0.8144099432702374,0.15804777839408368,0.260790679908327,0.3039113054179942,0.11038943355119823,0.15376847907897312
399,GrowingWindow,0.3,5.0,M2005,40,True,0.0,SeriesAttack,0.7672813569872393,0.16807545984310704,0.3557422969187676,0.3375277976404847,0.10969498910675382,0.14365975117290974
400,GrowingWindow,0.3,5.0,M2005,40,True,0.5,SeriesAttack,0.7951409225306285,0.1305007697452385,0.3041762159409218,0.2622219505094754,0.10554193899782133,0.1478683609251455
401,GrowingWindow,0.3,5.0,M2005,40,True,1.0,SeriesAttack,0.815299440483264,0.1526517991456324,0.26336898395721925,0.296825792212136,0.10603213507625271,0.14238505366150428
402,GrowingWindow,0.5,5.0,M2005,40,False,0.0,SeriesAttack,0.7843069172113291,0.14903759964331642,0.33220315904139436,0.2977245433542735,0.09918300653594768,0.12465158914010456
403,GrowingWindow,0.5,5.0,M2005,40,False,0.5,SeriesAttack,0.7925108932461873,0.13536245589148088,0.3094362745098039,0.26413579481161975,0.10554193899782133,0.137315846166216
404,GrowingWindow,0.5,5.0,M2005,40,False,1.0,SeriesAttack,0.8038875272331154,0.1536637129813159,0.27384259259259264,0.2903830806885787,0.11838235294117647,0.16185457083326316
405,GrowingWindow,0.5,5.0,M2005,40,True,0.0,SeriesAttack,0.7863766339869279,0.14746440879765538,0.3038126361655773,0.2845755697476757,0.12343409586056642,0.1627387743969734
406,GrowingWindow,0.5,5.0,M2005,40,True,0.5,SeriesAttack,0.79807325708061,0.13629746115208274,0.2953976034858388,0.2648630382998684,0.10845588235294118,0.1445955357840134
407,GrowingWindow,0.5,5.0,M2005,40,True,1.0,SeriesAttack,0.8018995098039216,0.15133483232416853,0.280650871459695,0.281748496456027,0.11555010893246187,0.15117562570780374
408,GrowingWindow,0.7,5.0,M2005,40,False,0.0,SeriesAttack,0.8256546496893022,0.10792440842722481,0.24169178994601417,0.1976054353996618,0.10699891067538125,0.14254911752299237
409,GrowingWindow,0.7,5.0,M2005,40,False,0.5,SeriesAttack,0.8048106454540497,0.12622544277603917,0.28576269602000515,0.23900779074326245,0.10461601307189541,0.12759614318878698
410,GrowingWindow,0.7,5.0,M2005,40,False,1.0,SeriesAttack,0.8329456428313611,0.09945926023566148,0.21667952043749564,0.18584534258562208,0.11742919389978212,0.1543331192634208
411,GrowingWindow,0.7,5.0,M2005,40,True,0.0,SeriesAttack,0.8262986690504568,0.10962727926321397,0.23980462268339994,0.20300446873584213,0.10759803921568625,0.1399298822786574
412,GrowingWindow,0.7,5.0,M2005,40,True,0.5,SeriesAttack,0.7959893313702121,0.12666466632099072,0.2967468274556545,0.24370401806073258,0.11127450980392156,0.15447111860835278
413,GrowingWindow,0.7,5.0,M2005,40,True,1.0,SeriesAttack,0.8290775666643296,0.10003313284330245,0.2232174156909486,0.1782525585987726,0.11862745098039215,0.16598881227889173
414,SlidingWindow,0.3,5.0,M2005,40,False,0.0,SeriesAttack,0.8179485683162153,0.13233285299216718,0.11554621848739496,0.19830870038420542,0.24855664488017426,0.24632579958030446
415,SlidingWindow,0.3,5.0,M2005,40,False,0.5,SeriesAttack,0.8292760412245708,0.11760689196444662,0.0951107715813598,0.14891586234717094,0.24633714596949888,0.23619762361749982
416,SlidingWindow,0.3,5.0,M2005,40,False,1.0,SeriesAttack,0.8362679667826728,0.12292905949752067,0.07569391392920805,0.14049219359321424,0.25177015250544665,0.24013040275389935
417,SlidingWindow,0.3,5.0,M2005,40,True,0.0,SeriesAttack,0.8240838886059475,0.12991734778922628,0.10949834479246244,0.1789802233710936,0.24233387799564265,0.2410444521716366
418,SlidingWindow,0.3,5.0,M2005,40,True,0.5,SeriesAttack,0.8196317163228928,0.12559387646114065,0.09431499872676342,0.15697988085363418,0.266421568627451,0.258611694074978
419,SlidingWindow,0.3,5.0,M2005,40,True,1.0,SeriesAttack,0.8365732783012195,0.12280533037940916,0.08174178762414055,0.1491785329835295,0.24511165577342048,0.23479877108313038
420,SlidingWindow,0.5,5.0,M2005,40,False,0.0,SeriesAttack,0.8125885076252725,0.12564542925622002,0.1136437908496732,0.16497993748339526,0.2611791938997821,0.24968911296900692
421,SlidingWindow,0.5,5.0,M2005,40,False,0.5,SeriesAttack,0.8207107843137256,0.11898393502337928,0.10178376906318085,0.1404359477154179,0.25679466230936826,0.24089621311505607
422,SlidingWindow,0.5,5.0,M2005,40,False,1.0,SeriesAttack,0.8328907952069717,0.1235342182545379,0.08370098039215687,0.14155681407561865,0.2505174291938998,0.23947628497692938
423,SlidingWindow,0.5,5.0,M2005,40,True,0.0,SeriesAttack,0.8190427559912855,0.12751835345303927,0.10502450980392157,0.14702471955375454,0.2568899782135076,0.25472054142328643
424,SlidingWindow,0.5,5.0,M2005,40,True,0.5,SeriesAttack,0.8298134531590413,0.11778679357715076,0.08961056644880173,0.11767853265929172,0.2507625272331155,0.2376297301608319
425,SlidingWindow,0.5,5.0,M2005,40,True,1.0,SeriesAttack,0.8293709150326797,0.12573139887242235,0.08882080610021786,0.15832651026977052,0.25243736383442267,0.24205168790617046
426,SlidingWindow,0.7,5.0,M2005,40,False,0.0,SeriesAttack,0.8308652470390885,0.12308821005295419,0.08102549720722615,0.10922732248459117,0.2572440087145969,0.2616282185645606
427,SlidingWindow,0.7,5.0,M2005,40,False,0.5,SeriesAttack,0.8337678865414527,0.1141944914217814,0.0967479959802753,0.13761324007113288,0.23571623093681923,0.2332753647785538
428,SlidingWindow,0.7,5.0,M2005,40,False,1.0,SeriesAttack,0.8413452493631539,0.11236620560324362,0.06939283460702517,0.10238439671238768,0.24791666666666667,0.23776702506712608
429,SlidingWindow,0.7,5.0,M2005,40,True,0.0,SeriesAttack,0.8344276890997427,0.11387892101312183,0.08631891373951249,0.11501208848662021,0.24482570806100218,0.24317933020713597
430,SlidingWindow,0.7,5.0,M2005,40,True,0.5,SeriesAttack,0.8211798008834046,0.12291257205918403,0.09930706489985745,0.15077739421683314,0.2583333333333333,0.25123725551209575
431,SlidingWindow,0.7,5.0,M2005,40,True,1.0,SeriesAttack,0.8415465114995807,0.11216577829296306,0.0678737525999673,0.10705606451497703,0.24903322440087144,0.237668856097187
